-- --------------------------------------------------------
-- Host:                         timesheet.hbaan.com
-- Server version:               5.0.51a - Source distribution
-- Server OS:                    unknown-freebsd7.0
-- HeidiSQL version:             7.0.0.4053
-- Date/time:                    2015-02-16 11:16:52
-- --------------------------------------------------------

/*!40101 SET @OLD_CHARACTER_SET_CLIENT=@@CHARACTER_SET_CLIENT */;
/*!40101 SET NAMES utf8 */;
/*!40014 SET FOREIGN_KEY_CHECKS=0 */;

-- Dumping structure for table timesheet_main.company
DROP TABLE IF EXISTS `company`;
CREATE TABLE IF NOT EXISTS `company` (
  `Company_id` int(10) NOT NULL auto_increment,
  `CompanyName` varchar(10) default '0',
  `Remove` enum('Y','N') default 'N',
  PRIMARY KEY  (`Company_id`)
) ENGINE=InnoDB AUTO_INCREMENT=2 DEFAULT CHARSET=utf8;

-- Dumping data for table timesheet_main.company: ~1 rows (approximately)
/*!40000 ALTER TABLE `company` DISABLE KEYS */;
INSERT INTO `company` (`Company_id`, `CompanyName`, `Remove`) VALUES
	(1, 'X3dev', 'N');
/*!40000 ALTER TABLE `company` ENABLE KEYS */;


-- Dumping structure for table timesheet_main.groupstaff
DROP TABLE IF EXISTS `groupstaff`;
CREATE TABLE IF NOT EXISTS `groupstaff` (
  `groupstaff_id` int(10) NOT NULL auto_increment,
  `UserName` varchar(50) NOT NULL,
  `Project_id` int(11) NOT NULL,
  `Remove` enum('Y','N') NOT NULL default 'N',
  PRIMARY KEY  (`groupstaff_id`),
  KEY `FK_groupstaff_staff` (`UserName`),
  KEY `FK_groupstaff_project` (`Project_id`),
  CONSTRAINT `FK_groupstaff_project` FOREIGN KEY (`Project_id`) REFERENCES `project` (`Project_id`),
  CONSTRAINT `FK_groupstaff_staff` FOREIGN KEY (`UserName`) REFERENCES `staff` (`UserName`)
) ENGINE=InnoDB AUTO_INCREMENT=2 DEFAULT CHARSET=utf8;

-- Dumping data for table timesheet_main.groupstaff: ~1 rows (approximately)
/*!40000 ALTER TABLE `groupstaff` DISABLE KEYS */;
INSERT INTO `groupstaff` (`groupstaff_id`, `UserName`, `Project_id`, `Remove`) VALUES
	(1, 'NanoK', 1, 'N');
/*!40000 ALTER TABLE `groupstaff` ENABLE KEYS */;


-- Dumping structure for table timesheet_main.project
DROP TABLE IF EXISTS `project`;
CREATE TABLE IF NOT EXISTS `project` (
  `Project_id` int(10) NOT NULL auto_increment,
  `Company_id` int(10) NOT NULL default '0',
  `Project_name` varchar(250) default NULL,
  `MaxTime` int(11) default NULL,
  `Public` enum('Y','N') default 'Y',
  `Remove` enum('Y','N') default 'N',
  PRIMARY KEY  (`Project_id`),
  KEY `FK_project_company` (`Company_id`),
  CONSTRAINT `FK_project_company` FOREIGN KEY (`Company_id`) REFERENCES `company` (`Company_id`)
) ENGINE=InnoDB AUTO_INCREMENT=16 DEFAULT CHARSET=utf8;

-- Dumping data for table timesheet_main.project: ~15 rows (approximately)
/*!40000 ALTER TABLE `project` DISABLE KEYS */;
INSERT INTO `project` (`Project_id`, `Company_id`, `Project_name`, `MaxTime`, `Public`, `Remove`) VALUES
	(1, 1, 'TimeSheet', 110, 'N', 'N'),
	(2, 1, 'หุ้น', 270, 'Y', 'N'),
	(3, 1, 'Ssporting', 540, 'Y', 'N'),
	(4, 1, 'เกม', 810, 'Y', 'N'),
	(5, 1, 'ยา', 810, 'Y', 'N'),
	(6, 1, 'ร้านอาหาร', 100, 'Y', 'N'),
	(7, 1, '1M', 100, 'Y', 'N'),
	(8, 1, 'ธุรการ', 810, 'Y', 'N'),
	(9, 1, 'ทำความสะอาดประจำวัน', 810, 'Y', 'N'),
	(10, 1, 'ลอตเตอรี่', 810, 'Y', 'N'),
	(11, 1, 'ศึกษาพัฒนาตนเอง', 810, 'Y', 'N'),
	(12, 1, 'ดูแล้วเซิฟเวอร์และระบบเครือข่าย', 810, 'Y', 'N'),
	(13, 1, 'กิจกรรมของบริษัท', 810, 'Y', 'N'),
	(14, 1, 'MicroFinance', 810, 'Y', 'N'),
	(15, 1, 'อื่นๆ', 810, 'Y', 'N');
/*!40000 ALTER TABLE `project` ENABLE KEYS */;


-- Dumping structure for table timesheet_main.staff
DROP TABLE IF EXISTS `staff`;
CREATE TABLE IF NOT EXISTS `staff` (
  `UserName` varchar(50) NOT NULL default '',
  `SubOrganizer_id` int(10) default NULL,
  `Name` varchar(250) default NULL,
  `LastName` varchar(250) default NULL,
  `Nickname` varchar(250) default NULL,
  `Password` varchar(250) default NULL,
  `Position` enum('admin','programmer','design') default NULL,
  `remove` enum('Y','N','C') default 'N',
  PRIMARY KEY  (`UserName`),
  KEY `FK_staff_sub_organizer` (`SubOrganizer_id`),
  CONSTRAINT `FK_staff_sub_organizer` FOREIGN KEY (`SubOrganizer_id`) REFERENCES `sub_organizer` (`SubOrganizer_id`)
) ENGINE=InnoDB DEFAULT CHARSET=utf8;

-- Dumping data for table timesheet_main.staff: ~21 rows (approximately)
/*!40000 ALTER TABLE `staff` DISABLE KEYS */;
INSERT INTO `staff` (`UserName`, `SubOrganizer_id`, `Name`, `LastName`, `Nickname`, `Password`, `Position`, `remove`) VALUES
	('admin', NULL, 'admin', 'admin', 'admin', 'e10adc3949ba59abbe56e057f20f883e', 'admin', 'N'),
	('babudo', NULL, 'ศรัณย์', 'ลายกลาง', 'อาร์ม', 'e8eadd8c57c277a3ea014e2229b965b9', 'design', 'N'),
	('Bim', NULL, 'Julaluk', 'Tonghom', 'Bim', '4aefcb71622252c57b3c24f551331eaf', 'design', 'N'),
	('boy', NULL, 'สิรวิชญ์', 'ทาเงิน', 'บอย', 'd97f8b5d9d7227b668dfffc1c5bf576e', 'programmer', 'N'),
	('cherry', NULL, 'Poomin', 'jaichoung', 'game', 'e10adc3949ba59abbe56e057f20f883e', 'programmer', 'N'),
	('crop', NULL, 'สันติพล', 'ทรัพย์สิน', 'โอ้', '827ccb0eea8a706c4c34a16891f84e7b', 'admin', 'N'),
	('demonixz', NULL, 'สุเชาว์', 'จิระประพจน์', '@@', 'ff0eca571f7670efa4ac4a2c37214c6b', 'programmer', 'N'),
	('heetee', NULL, 'veerasak', 'singkum', 'note/udom', '5719864fab268eebc27bd600e4af996e', 'design', 'N'),
	('indpendents', NULL, 'ภานุพงศ์', 'อุรุโคตร', 'ติ่ง', 'dd649c724529c23bb693a16247621110', 'programmer', 'N'),
	('manaeiei', NULL, 'Pathompong', 'Soipharb', 'mana', '7aad3ab7ffd5f411049b78364cc53e94', 'programmer', 'N'),
	('mrsyrop', NULL, 'วิถี', 'พงษาวดาร', 'บื่อ', 'fc3ff6565baad0deb575df494191fcf3', 'programmer', 'N'),
	('Muraz', NULL, 'Nukul', 'Muenjihan', 'Au', 'e10adc3949ba59abbe56e057f20f883e', 'programmer', 'N'),
	('muy', NULL, 'กานต์ธีรา', 'สุตัญตั้งใจ', 'มุ้ย', '70410c93da2b5e3ce7977a59bf2d675b', 'programmer', 'N'),
	('NanoK', NULL, 'sootipong', 'taothong', 'NanoK', 'e10adc3949ba59abbe56e057f20f883e', 'programmer', 'N'),
	('obe', NULL, 'สุบรรณ', 'วาไชยะ', 'อบ', '59c6f06e471fe1cfaf62afc573fa0bdc', 'programmer', 'N'),
	('superx', NULL, 'ศิวกร', 'อินถาเครือ', 'P\'XL', '261676f286d23f93b21dff383fade78d', 'admin', 'N'),
	('thana', NULL, 'Thanadet', 'Phankham', 'Tam', 'fe87676996dcd16d37298b49e581eaed', 'design', 'N'),
	('wutthikorn', NULL, 'Wutthikorn', 'Kulkate', 'pele', '6f82976ad44f9d0828583a7f755ef735', 'programmer', 'N'),
	('xlance', NULL, 'ธนะศักดิ์', 'พละศักดิ์', 'MK', '81dc9bdb52d04dc20036dbd8313ed055', 'admin', 'N'),
	('xsorust', NULL, 'ปรีดา', 'ศรีเสริม', 'โต้ง', 'bb6085dea8961c7824f1a2a842c31b53', 'design', 'N'),
	('แอมมี่', NULL, 'วัชรภรณ์', 'ธรรมสัตย์', 'แอมมี่', '45ea9c6bc5a7166239c5692913c79c85', 'design', 'N');
/*!40000 ALTER TABLE `staff` ENABLE KEYS */;


-- Dumping structure for table timesheet_main.sub_organizer
DROP TABLE IF EXISTS `sub_organizer`;
CREATE TABLE IF NOT EXISTS `sub_organizer` (
  `SubOrganizer_id` int(10) NOT NULL auto_increment,
  `Company_id` int(10) default NULL,
  `NameOrganizer` varchar(250) default NULL,
  `Remove` enum('Y','N') default 'N',
  PRIMARY KEY  (`SubOrganizer_id`),
  KEY `FK_sub_organizer_company` (`Company_id`),
  CONSTRAINT `FK_sub_organizer_company` FOREIGN KEY (`Company_id`) REFERENCES `company` (`Company_id`)
) ENGINE=InnoDB DEFAULT CHARSET=utf8;

-- Dumping data for table timesheet_main.sub_organizer: ~0 rows (approximately)
/*!40000 ALTER TABLE `sub_organizer` DISABLE KEYS */;
/*!40000 ALTER TABLE `sub_organizer` ENABLE KEYS */;


-- Dumping structure for table timesheet_main.workdetail
DROP TABLE IF EXISTS `workdetail`;
CREATE TABLE IF NOT EXISTS `workdetail` (
  `WorkDetail_id` int(10) NOT NULL auto_increment,
  `Project_id` int(10) NOT NULL default '0',
  `UserName` varchar(50) default NULL,
  `StartDate` datetime default NULL,
  `EndDate` datetime default NULL,
  `Value` double default NULL,
  `Detail` text,
  `RecordDate` datetime default NULL,
  `TypeWork` enum('work','leave') default 'work',
  `Remove` enum('Y','N') default 'N',
  PRIMARY KEY  (`WorkDetail_id`)
) ENGINE=InnoDB AUTO_INCREMENT=504 DEFAULT CHARSET=utf8;

-- Dumping data for table timesheet_main.workdetail: ~503 rows (approximately)
/*!40000 ALTER TABLE `workdetail` DISABLE KEYS */;
INSERT INTO `workdetail` (`WorkDetail_id`, `Project_id`, `UserName`, `StartDate`, `EndDate`, `Value`, `Detail`, `RecordDate`, `TypeWork`, `Remove`) VALUES
	(1, 1, 'NanoK', '2015-02-02 08:00:00', '2015-02-02 12:00:00', 14400, 'อัพขึ้นโฮสติ้ง http://timesheet.hbaan.com', '2015-02-02 15:12:01', 'work', 'N'),
	(2, 1, 'NanoK', '2015-02-02 13:00:00', '2015-02-02 18:00:00', 18000, 'ทำหน้า จัดการโครงการ2', '2015-02-02 15:12:31', 'work', 'N'),
	(3, 3, 'crop', '2015-02-02 17:49:00', '2015-02-02 18:00:00', 660, 'อัพข่าว', '2015-02-02 15:39:42', 'work', 'N'),
	(4, 3, 'wutthikorn', '2015-02-02 09:00:00', '2015-02-02 18:00:00', 32400, 'แก้ไขหน้าเล่นเกมให้เป็นระเบียบและเพื่อให้รองรับการแก้ไขในอนาคต', '2015-02-02 17:28:35', 'work', 'N'),
	(5, 2, 'babudo', '2015-02-02 08:20:00', '2015-02-02 12:00:00', 13200, 'ตัด css /html หน้า sign-in, sign-up', '2015-02-02 17:30:59', 'work', 'N'),
	(6, 2, 'babudo', '2015-02-02 13:00:00', '2015-02-02 14:20:00', 4800, 'ให้บูม set เครื่องทำโปรเจคหุ้น', '2015-02-02 17:32:04', 'work', 'N'),
	(7, 2, 'indpendents', '2015-02-02 08:00:00', '2015-02-02 12:00:00', 14400, 'ดูรูปแบบข้อมูล trade รายวันเพื่อแปลงเป็นข้อมูลไว้แสดงกราฟ', '2015-02-02 17:33:47', 'work', 'N'),
	(8, 3, 'แอมมี่', '2015-02-02 08:30:00', '2015-02-02 09:30:00', 3600, 'ตรวจสอบผลฟุตอบอลเมื่่อคืน พร้อมติดตามข่าวสารเกี่ยวกับฟุตบอล ', '2015-02-02 17:33:50', 'work', 'N'),
	(9, 2, 'babudo', '2015-02-02 14:20:00', '2015-02-02 14:40:00', 1200, 'แก้ไข/เพิ่มเติม  หน้า sign-in, sign-up (หลังจากที่ set เครื่องใหม่)', '2015-02-02 17:34:09', 'work', 'N'),
	(10, 2, 'indpendents', '2015-02-02 13:00:00', '2015-02-02 18:00:00', 18000, 'เซ็ตเซิร์ฟเวอร์สำหรับเซอร์วิส', '2015-02-02 17:35:23', 'work', 'N'),
	(11, 3, 'แอมมี่', '2015-02-02 09:30:00', '2015-02-02 11:00:00', 5400, 'เช็คโปรแกรมการแข่งขันของวันพรุ่งนี้ พร้อมตรวจสอบเวลาแข่ง ช่องทอดการแข่งขัน พร้อมติดตามข่าวสารเกี่ยวกับฟุตบอล ', '2015-02-02 17:35:47', 'work', 'N'),
	(12, 5, 'babudo', '2015-02-02 15:00:00', '2015-02-02 17:20:00', 8400, 'แก้ไขกล่องยา camacap', '2015-02-02 17:35:59', 'work', 'N'),
	(13, 3, 'mrsyrop', '2015-02-02 08:00:00', '2015-02-02 15:00:00', 25200, 'ทำระบบแก้รางวัลกิจกรรมประจำวัน', '2015-02-02 17:38:30', 'work', 'N'),
	(14, 2, 'แอมมี่', '2015-02-02 11:00:00', '2015-02-02 12:00:00', 3600, 'แก้ไขหน้า UI 12SET หน้า Timeline ที่พี่ตั้มส่งมา', '2015-02-02 17:39:36', 'work', 'N'),
	(15, 3, 'mrsyrop', '2015-02-02 15:00:00', '2015-02-02 18:00:00', 10800, 'แก้การตอบโพสด้วย url', '2015-02-02 17:39:46', 'work', 'N'),
	(16, 3, 'heetee', '2015-02-02 08:20:00', '2015-02-02 09:00:00', 2400, 'ประกาศรางวัลกิจกรรมใน Ssporting.com โดยการคัดเลือกคอมเม้นคู่บอลที่โดนใจแอดมิน', '2015-02-02 17:40:20', 'work', 'N'),
	(17, 2, 'แอมมี่', '2015-02-02 13:00:00', '2015-02-02 14:00:00', 3600, 'แก้ไขหน้า UI 12SET หน้า Timeline ที่พี่ตั้มส่งมา', '2015-02-02 17:40:31', 'work', 'N'),
	(18, 2, 'Muraz', '2015-02-02 09:00:00', '2015-02-02 12:00:00', 10800, 'ลองทำส่วนของ Chart  ในโปรเจท dev ***เกิดปัญหาไม่สามารถทำต่อได้', '2015-02-02 17:41:12', 'work', 'N'),
	(19, 2, 'Bim', '2015-02-02 08:30:00', '2015-02-02 11:00:00', 9000, 'ปรับเลเอาท์ ห้นหน้าแรก , รวมโปรเจคเลเอาท์หุ้นกับบูม', '2015-02-02 17:41:30', 'work', 'N'),
	(20, 2, 'Muraz', '2015-02-02 13:00:00', '2015-02-02 17:00:00', 14400, 'เทียบ Option ของ xset.info กับของที่เรามี', '2015-02-02 17:42:12', 'work', 'N'),
	(21, 2, 'manaeiei', '2015-02-03 08:00:00', '2015-02-03 18:00:00', 36000, 'เริ่มต้น โปรเจค www.xset.info', '2015-02-02 17:42:28', 'work', 'N'),
	(22, 2, 'แอมมี่', '2015-02-02 14:00:00', '2015-02-02 17:30:00', 12600, 'ทำหน้า UI 12Set หน้า News  ศึกษาข้อมูลหน้า Knoledge', '2015-02-02 17:43:04', 'work', 'N'),
	(23, 2, 'Bim', '2015-02-02 12:00:00', '2015-02-02 15:20:00', 12000, 'ให้บูมลงโปรแกมสำหรับเปิดโปรเจค, ตัดเลเอาท์หน้าแรกส่วนของ chat ', '2015-02-02 17:44:22', 'work', 'N'),
	(24, 3, 'xsorust', '2015-02-02 08:00:00', '2015-02-02 17:30:00', 34200, 'อัพเดทข่าวคราวความเคลื่อนไหว เกี่ยวกับฟุตบอล', '2015-02-02 17:45:51', 'work', 'N'),
	(25, 3, 'heetee', '2015-02-02 09:00:00', '2015-02-02 10:00:00', 3600, 'สร้างกิจกรรมคู่บอลใน Ssporting.com โดยเลือกคู่บอลคู่ใหญ่มาโพสในเว็บ และเพส', '2015-02-02 17:45:53', 'work', 'N'),
	(26, 3, 'demonixz', '2015-02-02 16:10:00', '2015-02-02 16:15:00', 300, 'แก้ปัญหาการ reply เป็น url (http://...)', '2015-02-02 17:46:07', 'work', 'N'),
	(27, 3, 'xsorust', '2015-02-02 08:30:00', '2015-02-02 08:45:00', 900, 'อัพบอร์ดรูปบอร์ดเซ็กซี่ฟุตบอล', '2015-02-02 17:47:08', 'work', 'N'),
	(28, 2, 'demonixz', '2015-02-02 15:00:00', '2015-02-02 15:15:00', 900, 'ติดต่อเรื่อง chart library ของ tradingview', '2015-02-02 17:47:38', 'work', 'N'),
	(29, 2, 'Bim', '2015-02-02 15:20:00', '2015-02-02 17:30:00', 7800, 'ตัดเลเอาท์หน้าแรกเพิ่มเติม ส่วนของข้อมูลหุ้น (ส่วนที่คลิกแล้วยืดลงมา)', '2015-02-02 17:47:48', 'work', 'N'),
	(30, 2, 'boy', '2015-02-02 08:20:00', '2015-02-02 17:30:00', 33000, 'favorite setalert', '2015-02-02 17:48:16', 'work', 'N'),
	(31, 2, 'demonixz', '2015-02-02 11:00:00', '2015-02-02 11:05:00', 300, 'สอบถามเรื่อง license ของ stockchartx (html5)', '2015-02-02 17:48:36', 'work', 'N'),
	(32, 2, 'demonixz', '2015-02-02 16:30:00', '2015-02-02 16:41:00', 660, 'config server เพิ่มเว็บ www2.xset.info service.xset.info', '2015-02-02 17:50:04', 'work', 'N'),
	(33, 3, 'heetee', '2015-02-02 10:00:00', '2015-02-02 12:00:00', 7200, 'หาข้อมูลข่าวสารเกี่ยวกับฟุตบอล จากเว็บไซต์กีฬา Twitter Vine และเพสเฟสบุ๊กกีฬาทั้งในประเทศและต่างประเทศ เพื่อโพสในเพสเฟสบุ๊กและในเว็บ Ssporting.com', '2015-02-02 17:51:48', 'work', 'N'),
	(34, 3, 'xsorust', '2015-02-02 10:00:00', '2015-02-02 10:30:00', 1800, 'หาและอัพคลิปที่น่าสนใจในวงการฟุตบอล', '2015-02-02 17:54:45', 'work', 'N'),
	(35, 1, 'แอมมี่', '2015-02-02 17:30:00', '2015-02-02 18:00:00', 1800, 'Test ระบบ time', '2015-02-02 17:54:52', 'work', 'N'),
	(36, 3, 'heetee', '2015-02-02 13:05:00', '2015-02-02 14:30:00', 5100, 'คิดมุขเกรียนเพื่อโพสในเพสเฟสบุ๊ก', '2015-02-02 17:57:03', 'work', 'N'),
	(37, 3, 'xsorust', '2015-02-02 13:30:00', '2015-02-02 13:45:00', 900, 'อัพบอร์ดรูปบอร์ดเซ็กซี่ฟุตบอล', '2015-02-02 17:58:07', 'work', 'N'),
	(38, 3, 'heetee', '2015-02-02 14:30:00', '2015-02-02 16:00:00', 5400, 'หาคู่บอลทีเด็ด และบอลสเตป เพื่อโพสในเพสเฟสบุ๊กและเว็บ Ssporting.com(ทีเด็ดโพสเวลา 16:00 น. /บอลสเตป 16:30 น.)', '2015-02-02 18:01:05', 'work', 'N'),
	(39, 3, 'xsorust', '2015-02-02 14:00:00', '2015-02-02 16:00:00', 7200, 'เล่นเกมส์ทายผลบอล+แสดงทรรศนะ', '2015-02-02 18:01:42', 'work', 'N'),
	(40, 3, 'heetee', '2015-02-02 16:00:00', '2015-02-02 17:30:00', 5400, 'สร้างกระแสในเว็บ Ssporting.com โดยใช้ User อวตาน', '2015-02-02 18:03:22', 'work', 'N'),
	(41, 2, 'indpendents', '2015-02-03 08:00:00', '2015-02-03 09:00:00', 3600, 'ติดต่อกับทาง set เกี่ยวกับการเชื่อมตัวตัวเซิร์ฟเวอร์ test,รูปแบบข้อมูลหุ้นรายวัน,เกี่ยวกับบาง test case', '2015-02-03 08:52:11', 'work', 'N'),
	(42, 2, 'indpendents', '2015-02-03 09:00:00', '2015-02-03 10:00:00', 3600, 'ทำตัวจัดการไฟล์ข้อมูลรายวันเพื่อ insert ข้อมูลลงฐานข้อมูล', '2015-02-03 09:41:08', 'work', 'N'),
	(43, 2, 'indpendents', '2015-02-03 10:00:00', '2015-02-03 10:30:00', 1800, 'ทดสอบตัวจัดการไฟล์ข้อมูลรายวัน', '2015-02-03 09:54:23', 'work', 'N'),
	(44, 2, 'indpendents', '2015-02-03 10:30:00', '2015-02-03 11:00:00', 1800, 'วิเคราะห์ข้อมูลหุ้นรายวันเพื่อทำข้อมูลสำหรับ plot กราฟ', '2015-02-03 09:57:02', 'work', 'N'),
	(45, 3, 'obe', '2015-02-03 09:00:00', '2015-02-03 10:20:00', 4800, 'ios แก้ bug กดจาก getNotifications ประเภท timeline', '2015-02-03 10:12:16', 'work', 'N'),
	(46, 2, 'indpendents', '2015-02-03 11:00:00', '2015-02-03 12:00:00', 3600, 'เตรียมคำถามสำหรับสอบถามไปยัง SET เกี่ยวกับ test case (Day1)', '2015-02-03 11:01:27', 'work', 'N'),
	(47, 3, 'obe', '2015-02-03 10:26:00', '2015-02-03 12:00:00', 5640, 'ios แก้ bug เล่นเกม กดจาก getNotifications ประเภท game', '2015-02-03 12:59:55', 'work', 'N'),
	(48, 2, 'manaeiei', '2015-02-03 08:00:00', '2015-02-03 12:00:00', 14400, 'register()', '2015-02-03 13:27:49', 'work', 'N'),
	(49, 2, 'indpendents', '2015-02-03 13:00:00', '2015-02-03 13:30:00', 1800, 'ปรับตัวดูดหุ้น test case ใหม่ เนื่องจาก ระบบ SET มีปัญหา ', '2015-02-03 13:55:41', 'work', 'N'),
	(50, 3, 'obe', '2015-02-03 14:10:00', '2015-02-03 15:09:00', 3540, 'ios ปรับหน้า match ที่กดมาจาก  getNotifications', '2015-02-03 14:58:33', 'work', 'N'),
	(51, 2, 'indpendents', '2015-02-03 13:30:00', '2015-02-03 16:00:00', 9000, 'แก้ไขตัวจัดการไฟล์ข้อมูลรายวันและทดสอบกับเซิร์ฟเวอร์', '2015-02-03 15:48:39', 'work', 'N'),
	(52, 2, 'indpendents', '2015-02-03 16:00:00', '2015-02-03 17:00:00', 3600, 'แก้ไขฐานข้อมูลของระบบ Social ของหุ้น', '2015-02-03 15:49:30', 'work', 'N'),
	(53, 5, 'babudo', '2015-02-03 08:20:00', '2015-02-03 12:00:00', 13200, 'ออกแบบและแก้ไขบรรจุภัณฑ์', '2015-02-03 17:00:29', 'work', 'N'),
	(54, 5, 'babudo', '2015-02-03 13:00:00', '2015-02-03 17:30:00', 16200, 'ออกแบบและแก้ไขบรรจุภัณฑ์ /ออกแบบและแก้ไขเว็บไซต์ (Photoshop)', '2015-02-03 17:02:40', 'work', 'N'),
	(55, 3, 'heetee', '2015-02-03 08:00:00', '2015-02-03 09:00:00', 3600, 'ประกาศรางวัลกิจกรรมใน Ssporting.com โดยการคัดเลือกคอมเม้นคู่บอลที่โดนใจแอดมิน', '2015-02-03 17:06:17', 'work', 'N'),
	(56, 3, 'heetee', '2015-02-03 09:00:00', '2015-02-03 10:00:00', 3600, 'สร้างกิจกรรมคู่บอลใน Ssporting.com โดยเลือกคู่บอลคู่ใหญ่มาโพสในเว็บ และเพส', '2015-02-03 17:07:13', 'work', 'N'),
	(57, 3, 'heetee', '2015-02-03 10:00:00', '2015-02-03 12:00:00', 7200, 'ทำกราฟฟิกสรุปตลาดซื้อขายนักเตะรอบสอง', '2015-02-03 17:09:23', 'work', 'N'),
	(58, 3, 'heetee', '2015-02-03 13:00:00', '2015-02-03 15:30:00', 9000, 'ทำกราฟฟิกสรุปอันดับผู้ได้เพชรสูงสุด 1-10 พร้อมหาข้อมูลข่าวสารเกี่ยวกับฟุตบอล จากเว็บไซต์กีฬา Twitter Vine และเพสเฟสบุ๊กกีฬาทั้งในประเทศและต่างประเทศ เพื่อโพสในเพสเฟสบุ๊กและในเว็บ Ssporting.com', '2015-02-03 17:11:21', 'work', 'N'),
	(59, 3, 'แอมมี่', '2015-02-03 08:00:00', '2015-02-03 09:30:00', 5400, 'ตรวจสอบผลฟุตอบอลเมื่่อคืน ตอบคำถาม User  พร้อมติดตามข่าวสารเกี่ยวกับฟุตบอล ', '2015-02-03 17:11:35', 'work', 'N'),
	(60, 3, 'xsorust', '2015-02-03 08:00:00', '2015-02-03 12:00:00', 14400, 'อัพเดทข่าวคราวความเคลื่อนไหว เกี่ยวกับฟุตบอล 24 ข่าว , อัพบอร์ดรูปบอร์ดเซ็กซี่ฟุตบอล 1 ครั้ง หาและอัพคลิปที่น่าสนใจในวงการฟุตบอล 2 คลิป  เล่นเกมส์ทายผลบอล+แสดงทรรศนะ 21 ครั้ง ', '2015-02-03 17:12:02', 'work', 'N'),
	(61, 3, 'heetee', '2015-02-03 15:30:00', '2015-02-03 16:30:00', 3600, 'หาคู่บอลทีเด็ด และบอลสเตป เพื่อโพสในเพสเฟสบุ๊กและเว็บ Ssporting.com(ทีเด็ดโพสเวลา 16:00 น. /บอลสเตป 16:30 น.)', '2015-02-03 17:12:12', 'work', 'N'),
	(62, 3, 'แอมมี่', '2015-02-03 09:30:00', '2015-02-03 10:30:00', 3600, 'เช็คโปรแกรมการแข่งขันของวันพรุ่งนี้ พร้อมตรวจสอบเวลาแข่ง ช่องทอดการแข่งขัน พร้อมติดตามข่าวสารเกี่ยวกับฟุตบอล ', '2015-02-03 17:12:23', 'work', 'N'),
	(63, 3, 'heetee', '2015-02-03 16:30:00', '2015-02-03 17:30:00', 3600, 'สร้างกระแสในเว็บ Ssporting.com โดยใช้ User อวตาน', '2015-02-03 17:12:59', 'work', 'N'),
	(64, 2, 'แอมมี่', '2015-02-03 10:30:00', '2015-02-03 12:00:00', 5400, 'หาข้อมูลเพื่อทำ ออกแบบหน้า Knoledge', '2015-02-03 17:13:56', 'work', 'N'),
	(65, 2, 'indpendents', '2015-02-03 17:00:00', '2015-02-03 18:00:00', 3600, 'แก้ไขฐานข้อมูลของระบบ Social ของหุ้น ต่อ', '2015-02-03 17:14:53', 'work', 'N'),
	(66, 2, 'แอมมี่', '2015-02-03 13:00:00', '2015-02-03 15:00:00', 7200, 'ออกแบบหน้า Knoledge ', '2015-02-03 17:15:29', 'work', 'N'),
	(67, 9, 'heetee', '2015-02-03 17:30:00', '2015-02-03 18:00:00', 1800, 'กวาดอ๊อฟฟิต', '2015-02-03 17:16:37', 'work', 'N'),
	(68, 3, 'xsorust', '2015-02-03 13:00:00', '2015-02-03 17:00:00', 14400, 'อัพเดทข่าวคราวความเคลื่อนไหว เกี่ยวกับฟุตบอล 17 ข่าว , อัพบอร์ดรูปบอร์ดเซ็กซี่ฟุตบอล 1 ครั้ง หาและอัพคลิปที่น่าสนใจในวงการฟุตบอล 2 คลิป เล่นเกมส์ทายผลบอล+แสดงทรรศนะ 14 ครั้ง อัพบอร์ด 3 ครั้ง', '2015-02-03 17:16:46', 'work', 'N'),
	(69, 2, 'แอมมี่', '2015-02-03 15:00:00', '2015-02-03 16:30:00', 5400, 'แก้ไข UI 12Set หน้า News  ', '2015-02-03 17:17:09', 'work', 'N'),
	(70, 1, 'xsorust', '2015-02-03 17:00:00', '2015-02-03 17:30:00', 1800, 'กรอก Timesheet', '2015-02-03 17:18:39', 'work', 'N'),
	(71, 9, 'xsorust', '2015-02-03 17:30:00', '2015-02-03 18:00:00', 1800, 'กวาดออฟฟิศชั้น 2 ', '2015-02-03 17:19:20', 'work', 'N'),
	(72, 2, 'แอมมี่', '2015-02-03 16:30:00', '2015-02-03 17:30:00', 3600, 'ออกแบบหน้า News Detail', '2015-02-03 17:20:47', 'work', 'N'),
	(73, 2, 'Bim', '2015-02-03 08:00:00', '2015-02-03 10:00:00', 7200, 'ตัดเลเอาท์ส่วนของข้อมูลหุ้น (ส่วนที่คลิกแล้วยืดลงมา) ต่อ + หาและทำสคริปท์ให้มันทำงานได้', '2015-02-03 17:26:01', 'work', 'N'),
	(74, 9, 'แอมมี่', '2015-02-03 17:30:00', '2015-02-03 18:00:00', 1800, 'ล้างห้องน้ำ', '2015-02-03 17:26:20', 'work', 'N'),
	(75, 2, 'Bim', '2015-02-03 10:00:00', '2015-02-03 11:00:00', 3600, 'แก้ไขเลเอาท์ส่วน News', '2015-02-03 17:26:53', 'work', 'Y'),
	(76, 2, 'Bim', '2015-02-03 10:00:00', '2015-02-03 11:00:00', 3600, 'แก้ไขเลเอาท์ส่วน News', '2015-02-03 17:26:53', 'work', 'N'),
	(77, 2, 'manaeiei', '2015-02-03 13:00:00', '2015-02-03 17:00:00', 14400, 'loginByMail()', '2015-02-03 17:27:16', 'work', 'N'),
	(78, 9, 'manaeiei', '2015-02-03 17:00:00', '2015-02-03 18:00:00', 3600, 'ล้างห้องน้ำ', '2015-02-03 17:27:57', 'work', 'N'),
	(79, 8, 'muy', '2015-02-03 08:00:00', '2015-02-03 11:00:00', 10800, 'ทำรายงานการลาของพนักงานประจำเดือนมกราคม 2558 และ รายงานค่าใช้ของสำนักงานจ่ายประจำเดือนมกราคม 2558', '2015-02-03 17:29:51', 'work', 'N'),
	(80, 2, 'cherry', '2015-02-03 08:00:00', '2015-02-03 12:00:00', 14400, 'service register  , test function register , ', '2015-02-03 17:30:00', 'work', 'N'),
	(81, 2, 'boy', '2015-02-03 08:15:00', '2015-02-03 11:58:00', 13380, 'สร้าง database ในการ เปลี่ยนชื่อ favorite ', '2015-02-03 17:31:45', 'work', 'N'),
	(82, 9, 'babudo', '2015-02-03 17:30:00', '2015-02-03 18:00:00', 1800, 'ชั้นบน', '2015-02-03 17:31:51', 'work', 'N'),
	(83, 2, 'cherry', '2015-02-03 13:00:00', '2015-02-03 17:30:00', 16200, 'service loginByMail , service editUserInfo ,  service editNotification , test service loginByMail , editUserinfo, service editNotification', '2015-02-03 17:33:03', 'work', 'N'),
	(84, 2, 'demonixz', '2015-02-03 09:00:00', '2015-02-03 09:10:00', 600, 'สอบถามเรื่อง  license stockchartx (html5) อีกครั้ง (ยังไม่ตอบ)', '2015-02-03 17:33:12', 'work', 'N'),
	(85, 2, 'boy', '2015-02-03 13:02:00', '2015-02-03 17:41:00', 16740, 'จัดการ gridview หน้า uiview ให้ลบแบบ multiple ได้ (ยังไม่เสด)', '2015-02-03 17:33:50', 'work', 'N'),
	(86, 2, 'demonixz', '2015-02-03 09:30:00', '2015-02-03 09:40:00', 600, 'ติดต่อเรื่อง chart library ของ tradingview (ส่งข้อมูลเพิ่ม)', '2015-02-03 17:34:21', 'work', 'N'),
	(87, 9, 'boy', '2015-02-03 17:43:00', '2015-02-03 17:58:00', 900, 'ทำความสะอาดชั้นล่าง', '2015-02-03 17:34:22', 'work', 'N'),
	(88, 2, 'demonixz', '2015-02-03 10:00:00', '2015-02-03 11:30:00', 5400, 'login with google', '2015-02-03 17:35:07', 'work', 'N'),
	(89, 2, 'demonixz', '2015-02-03 13:30:00', '2015-02-03 15:00:00', 5400, 'login with twitter', '2015-02-03 17:35:52', 'work', 'N'),
	(90, 2, 'demonixz', '2015-02-03 15:00:00', '2015-02-03 15:30:00', 1800, 'config iis server เพิ่มเติม', '2015-02-03 17:36:36', 'work', 'N'),
	(91, 2, 'Bim', '2015-02-03 13:00:00', '2015-02-03 15:00:00', 7200, 'แก้ไขเลเอาท์ ส่วน News ต่อ + Script + แก้ไขการแสดงผลด้านบน', '2015-02-03 17:36:40', 'work', 'N'),
	(92, 2, 'muy', '2015-02-03 11:00:00', '2015-02-03 12:00:00', 3600, 'สมัครเว็บเขียนบล็อก  5 เว็บไซต์ blogger.com , https://www.tumblr.com ,wordpress.com , https://medium.com/ ,www.quora.com', '2015-02-03 17:36:51', 'work', 'N'),
	(93, 1, 'NanoK', '2015-02-03 08:00:00', '2015-02-03 12:00:00', 14400, 'เพิ่มระบบแก้ไขข้อมูล งาน หน้าหลัก ', '2015-02-03 17:36:56', 'work', 'N'),
	(94, 2, 'Bim', '2015-02-03 15:00:00', '2015-02-03 18:00:00', 10800, 'ตัดหน้ารวม ข่าว', '2015-02-03 17:37:35', 'work', 'N'),
	(95, 3, 'mrsyrop', '2015-02-03 08:00:00', '2015-02-03 12:00:00', 14400, 'เพิ่มรายงานจำนวนเพขร+ส่งข้อความหาผุ้ใช้', '2015-02-03 17:37:37', 'work', 'N'),
	(96, 2, 'demonixz', '2015-02-03 16:00:00', '2015-02-03 17:30:00', 5400, 'login with google + twitter (ปรับปรุงเพิ่ม)', '2015-02-03 17:37:41', 'work', 'N'),
	(97, 1, 'NanoK', '2015-02-03 13:00:00', '2015-02-03 17:00:00', 14400, 'ระบบจัดการข้อมูล พนักงาน เเละ ตัวแก้ไขข้อมูลพนักงาน', '2015-02-03 17:38:15', 'work', 'N'),
	(98, 3, 'mrsyrop', '2015-02-03 13:00:00', '2015-02-03 18:00:00', 18000, 'ปรับหน้าแสดงผลของกิจกรรมประจำวัน', '2015-02-03 17:39:23', 'work', 'N'),
	(99, 2, 'demonixz', '2015-02-03 11:30:00', '2015-02-03 12:00:00', 1800, 'config iis server ให้รองรับ CORS', '2015-02-03 17:39:29', 'work', 'N'),
	(100, 3, 'wutthikorn', '2015-02-03 08:15:00', '2015-02-03 18:00:00', 35100, 'แก้ไขหน้าเล่นเกมให้เป็นระเบียบและเพื่อให้รองรับการแก้ไขในอนาคต (ต่อ)', '2015-02-03 17:41:29', 'work', 'N'),
	(101, 2, 'muy', '2015-02-03 13:00:00', '2015-02-03 14:30:00', 5400, 'สมัครเว็บเขียนบล็อก 7 เว็บไซต์  1.https://ghost.org/ , 2. http://www.typepad.com/ , 3. http://www.exteen.com/  , 4. http://www.thaiblogonline.com/  , 5. http://www.myspace.com/  , 6. http://www.livejournal.com/  , 7.http://geocities.yahoo.com/  ', '2015-02-03 17:44:08', 'work', 'N'),
	(102, 3, 'obe', '2015-02-03 16:11:00', '2015-02-03 17:58:00', 6420, 'ios ปรับการแสดงผลเวลาที่ผู้ใช้แสดงโพสหรือความคิดเห็น', '2015-02-03 17:46:01', 'work', 'N'),
	(103, 2, 'muy', '2015-02-03 14:30:00', '2015-02-03 16:00:00', 5400, 'สมัครเว็บเขียนบล็อก 7 เว็บไซต์ 1.http://www.gamefront.com/  , 2.http://www.vox.com  , 3.http://9rules.com/  , 4.http://www.newsisfree.com/  , 5.http://lifestream.aol.com/  , 6.http://members.webs.com/  , 7.http://www.bravenet.com/webtools/journal/  ', '2015-02-03 17:48:53', 'work', 'N'),
	(104, 2, 'muy', '2015-02-03 16:00:00', '2015-02-03 17:30:00', 5400, 'สมัครเว็บเขียนบล็อก 5 เว็บไซต์ 1.home.live.com  , 2. angelfire.lycos.com  , 3. blogher.org   , 4. edublogs.org   , 5. weebly.com ', '2015-02-03 17:50:20', 'work', 'N'),
	(105, 9, 'muy', '2015-02-03 17:30:00', '2015-02-03 18:00:00', 1800, 'กวาดพื้น', '2015-02-03 17:52:23', 'work', 'N'),
	(106, 2, 'indpendents', '2015-02-04 08:00:00', '2015-02-04 08:30:00', 1800, 'รันตัวดูดหุ้นแบบ manual', '2015-02-04 08:21:10', 'work', 'N'),
	(107, 2, 'indpendents', '2015-02-04 08:30:00', '2015-02-04 10:00:00', 5400, 'หาค่า adj_close ทำระบบรันตัวดูดแบบอัฒโนมัติ', '2015-02-04 09:07:41', 'work', 'N'),
	(108, 5, 'babudo', '2015-02-04 08:00:00', '2015-02-04 11:15:00', 11700, 'ออกแบบ layout website kamacap (Photoshop)', '2015-02-04 11:08:47', 'work', 'N'),
	(109, 3, 'obe', '2015-02-04 08:40:00', '2015-02-04 11:45:00', 11100, 'ios เพิ่มคำในตัวเปลี่ยนภาษา', '2015-02-04 11:56:30', 'work', 'N'),
	(110, 3, 'obe', '2015-02-04 13:14:00', '2015-02-04 14:32:00', 4680, 'ios create new version on itunesconnect for pre-uploading and upload app', '2015-02-04 13:14:52', 'work', 'N'),
	(111, 2, 'indpendents', '2015-02-04 10:00:00', '2015-02-04 12:00:00', 7200, 'คุยกับทาง SET เกี่ยวกับ PSIMS all equity', '2015-02-04 15:23:20', 'work', 'N'),
	(112, 2, 'indpendents', '2015-02-04 13:00:00', '2015-02-04 15:00:00', 7200, 'ศึกษาเอกสารตัวอย่างข้อมูล PSIMS', '2015-02-04 15:25:36', 'work', 'N'),
	(113, 2, 'indpendents', '2015-02-04 15:00:00', '2015-02-04 16:00:00', 3600, 'เพิ่มข้อมูล symbol ลงฐาน', '2015-02-04 16:46:54', 'work', 'N'),
	(114, 2, 'indpendents', '2015-02-04 16:00:00', '2015-02-04 18:00:00', 7200, 'ศึกษารูปแบบการดึงข้อมูลหุ้น รายวัน รายปี รายชั่วโมง รายนาที', '2015-02-04 16:47:50', 'work', 'N'),
	(115, 3, 'xsorust', '2015-02-04 08:00:00', '2015-02-04 12:00:00', 14400, 'อัพเดทข่าวคราวความเคลื่อนไหว เกี่ยวกับฟุตบอล 23 ข่าว , อัพบอร์ดรูปบอร์ดเซ็กซี่ฟุตบอล 1 ครั้ง หาและอัพคลิปที่น่าสนใจในวงการฟุตบอล 2 คลิป เล่นเกมส์ทายผลบอล+แสดงทรรศนะ 18 ครั้ง อัพบอร์ด 1 ครั้ง', '2015-02-04 17:09:40', 'work', 'N'),
	(116, 3, 'xsorust', '2015-02-04 13:00:00', '2015-02-04 17:20:00', 15600, 'อัพเดทข่าวคราวความเคลื่อนไหว เกี่ยวกับฟุตบอล 27 ข่าว , อัพบอร์ดรูปบอร์ดเซ็กซี่ฟุตบอล 1 ครั้ง หาและอัพคลิปที่น่าสนใจในวงการฟุตบอล 2 คลิป เล่นเกมส์ทายผลบอล+แสดงทรรศนะ 25 ครั้ง อัพบอร์ด 4 ครั้ง', '2015-02-04 17:11:23', 'work', 'N'),
	(117, 1, 'xsorust', '2015-02-04 17:20:00', '2015-02-04 17:30:00', 600, 'กรอก Timesheet', '2015-02-04 17:13:04', 'work', 'N'),
	(118, 2, 'demonixz', '2015-02-04 08:30:00', '2015-02-04 10:00:00', 5400, 'facebook login', '2015-02-04 17:13:47', 'work', 'N'),
	(119, 2, 'demonixz', '2015-02-04 10:00:00', '2015-02-04 10:30:00', 1800, 'ประสานงาน tradingview library', '2015-02-04 17:15:34', 'work', 'N'),
	(120, 2, 'demonixz', '2015-02-04 10:30:00', '2015-02-04 12:00:00', 5400, 'facebook login', '2015-02-04 17:16:22', 'work', 'N'),
	(121, 2, 'demonixz', '2015-02-04 13:00:00', '2015-02-04 17:30:00', 16200, 'ระบบ login + ยืนยันตัวตน ทั้งระบบ', '2015-02-04 17:17:33', 'work', 'N'),
	(122, 3, 'mrsyrop', '2015-02-04 08:00:00', '2015-02-04 10:00:00', 7200, 'ปรับหน้าแสดงผลของกิจกรรมประจำวัน(ต่อ)', '2015-02-04 17:21:41', 'work', 'N'),
	(123, 3, 'mrsyrop', '2015-02-04 10:00:00', '2015-02-04 12:00:00', 7200, 'ปรับ log การเล่น', '2015-02-04 17:23:00', 'work', 'N'),
	(124, 3, 'mrsyrop', '2015-02-04 13:00:00', '2015-02-04 14:00:00', 3600, 'การหัก sgold ทดสอบมินิเกมส์', '2015-02-04 17:23:56', 'work', 'N'),
	(125, 3, 'heetee', '2015-02-04 08:00:00', '2015-02-04 09:00:00', 3600, 'ประกาศรางวัลกิจกรรมใน Ssporting.com โดยการคัดเลือกคอมเม้นคู่บอลที่โดนใจแอดมิน', '2015-02-04 17:25:17', 'work', 'N'),
	(126, 3, 'heetee', '2015-02-04 09:00:00', '2015-02-04 10:00:00', 3600, 'สร้างกิจกรรมคู่บอลใน Ssporting.com โดยเลือกคู่บอลคู่ใหญ่มาโพสในเว็บ และเพส', '2015-02-04 17:25:48', 'work', 'N'),
	(127, 9, 'xsorust', '2015-02-04 17:30:00', '2015-02-04 18:00:00', 1800, 'กวาดออฟฟิศชั้น 2', '2015-02-04 17:26:19', 'work', 'N'),
	(128, 3, 'mrsyrop', '2015-02-04 14:00:00', '2015-02-04 18:00:00', 14400, 'แก้และทดสอบฟังก์ชัน', '2015-02-04 17:27:39', 'work', 'N'),
	(129, 3, 'heetee', '2015-02-04 10:00:00', '2015-02-04 12:00:00', 7200, 'หาข้อมูลข่าวสารเกี่ยวกับฟุตบอล จากเว็บไซต์กีฬา Twitter Vine และเพสเฟสบุ๊กกีฬาทั้งในประเทศและต่างประเทศ เพื่อโพสในเพสเฟสบุ๊กและในเว็บ Ssporting.com', '2015-02-04 17:28:15', 'work', 'N'),
	(130, 2, 'babudo', '2015-02-04 11:15:00', '2015-02-04 12:00:00', 2700, 'แก้ไข Css', '2015-02-04 17:30:39', 'work', 'N'),
	(131, 1, 'NanoK', '2015-02-04 08:00:00', '2015-02-04 12:00:00', 14400, 'ปรับหน้า จัดการโครงการ', '2015-02-04 17:31:11', 'work', 'N'),
	(132, 2, 'babudo', '2015-02-04 13:00:00', '2015-02-04 15:00:00', 7200, 'แก้ไข Css', '2015-02-04 17:31:25', 'work', 'N'),
	(133, 5, 'babudo', '2015-02-04 15:00:00', '2015-02-04 17:30:00', 9000, 'ออกแบบ layout website kamacap (Photoshop)', '2015-02-04 17:32:43', 'work', 'N'),
	(134, 3, 'heetee', '2015-02-04 13:00:00', '2015-02-04 15:00:00', 7200, 'หาข่าวสารที่น่าสนใจจากเว็บต่างประเทศเพื่อโพสในเพสเฟสบุ๊ก และศึกษาหลักการเขียน Blog ที่ดี จากเว็บ http://www.marketingoops.com/', '2015-02-04 17:33:17', 'work', 'N'),
	(135, 9, 'babudo', '2015-02-04 17:30:00', '2015-02-04 18:00:00', 1800, 'ชั้น 2', '2015-02-04 17:33:27', 'work', 'N'),
	(136, 3, 'แอมมี่', '2015-02-04 08:00:00', '2015-02-04 09:30:00', 5400, 'ตรวจสอบผลฟุตอบอลเมื่่อคืน ตอบคำถาม User พร้อมติดตามข่าวสารเกี่ยวกับฟุตบอล ', '2015-02-04 17:33:42', 'work', 'N'),
	(137, 9, 'obe', '2015-02-04 17:12:00', '2015-02-04 17:42:00', 1800, 'ถูพื้น', '2015-02-04 17:34:01', 'work', 'N'),
	(138, 1, 'NanoK', '2015-02-04 13:00:00', '2015-02-04 17:30:00', 16200, 'ปรับตัวคำนวนเวลาทำงาน ปรัปรูปเเบบการค้นหา', '2015-02-04 17:34:58', 'work', 'N'),
	(139, 3, 'แอมมี่', '2015-02-04 09:30:00', '2015-02-04 11:00:00', 5400, 'เช็คโปรแกรมการแข่งขันของวันพรุ่งนี้ พร้อมตรวจสอบเวลาแข่ง ช่องทอดการแข่งขัน พร้อมติดตามข่าวสารเกี่ยวกับฟุตบอล ', '2015-02-04 17:35:15', 'work', 'N'),
	(140, 2, 'แอมมี่', '2015-02-04 11:00:00', '2015-02-04 12:00:00', 3600, 'แก้ไข UI 12Set หน้า News list', '2015-02-04 17:36:23', 'work', 'N'),
	(141, 3, 'heetee', '2015-02-04 15:00:00', '2015-02-04 16:00:00', 3600, 'หาคู่บอลทีเด็ด และบอลสเตป เพื่อโพสในเพสเฟสบุ๊กและเว็บ Ssporting.com(ทีเด็ดโพสเวลา 16:00 น. /บอลสเตป 16:30 น.)', '2015-02-04 17:38:26', 'work', 'N'),
	(142, 3, 'heetee', '2015-02-04 16:00:00', '2015-02-04 17:40:00', 6000, 'สร้างกระแสในเว็บ Ssporting.com โดยใช้ User อวตาน', '2015-02-04 17:39:08', 'work', 'N'),
	(143, 3, 'heetee', '2015-02-04 17:40:00', '2015-02-04 18:00:00', 1200, 'กวาดอ๊อฟฟิต', '2015-02-04 17:39:38', 'work', 'N'),
	(144, 2, 'แอมมี่', '2015-02-04 13:00:00', '2015-02-04 15:00:00', 7200, 'ออกแบบหน้า Knoledge ', '2015-02-04 17:42:11', 'work', 'N'),
	(145, 2, 'แอมมี่', '2015-02-04 15:00:00', '2015-02-04 18:00:00', 10800, 'ออกแบบหน้า News (ตัวใหม่)', '2015-02-04 17:42:55', 'work', 'N'),
	(146, 2, 'manaeiei', '2015-02-04 08:00:00', '2015-02-04 12:00:00', 14400, 'loginByWeb()', '2015-02-04 17:44:24', 'work', 'N'),
	(147, 2, 'manaeiei', '2015-02-04 12:00:00', '2015-02-04 18:00:00', 21600, 'editUserInfo()', '2015-02-04 17:44:49', 'work', 'N'),
	(148, 10, 'muy', '2015-02-04 08:00:00', '2015-02-04 09:00:00', 3600, 'เพิ่มข่าว', '2015-02-04 17:48:02', 'work', 'N'),
	(149, 2, 'boy', '2015-02-04 08:20:00', '2015-02-04 12:00:00', 13200, 'จัดการ gridview หน้า uiview ให้ลบแบบ multiple ได้ (ยังไม่เสด) ', '2015-02-04 17:48:45', 'work', 'N'),
	(150, 2, 'muy', '2015-02-04 09:00:00', '2015-02-04 12:00:00', 10800, 'สมัครเว็บเขียนบล็อก 15 เว็บไซต์ ', '2015-02-04 17:49:06', 'work', 'N'),
	(151, 2, 'boy', '2015-02-04 13:00:00', '2015-02-04 17:58:00', 17880, 'จัดการ gridview หน้า uiview ให้ลบแบบ multiple ได้ (ยังไม่เสด) ติดปัญหา', '2015-02-04 17:49:25', 'work', 'N'),
	(152, 2, 'muy', '2015-02-04 13:00:00', '2015-02-04 17:30:00', 16200, 'สมัครเว็บเขียนบล็อก 25 เว็บไซต์', '2015-02-04 17:52:31', 'work', 'N'),
	(153, 9, 'muy', '2015-02-04 17:31:00', '2015-02-04 18:00:00', 1740, 'กวาดพื้น', '2015-02-04 17:53:35', 'work', 'N'),
	(154, 3, 'wutthikorn', '2015-02-04 08:30:00', '2015-02-04 17:30:00', 32400, 'แก้ไขหน้าเล่นเกมให้เป็นระเบียบและเพื่อให้รองรับการแก้ไขในอนาคต (ต่อ)', '2015-02-04 23:05:44', 'work', 'N'),
	(155, 2, 'indpendents', '2015-02-05 08:00:00', '2015-02-05 10:00:00', 7200, 'ศึกษาและจัดการเกี่ยวกับ Test case', '2015-02-05 09:12:19', 'work', 'N'),
	(156, 2, 'indpendents', '2015-02-05 10:00:00', '2015-02-05 12:00:00', 7200, 'จัดการคอมใหม่ เนื่องจากช้า', '2015-02-05 11:39:25', 'work', 'N'),
	(157, 2, 'manaeiei', '2015-02-05 08:00:00', '2015-02-05 12:00:00', 14400, 'editNotification()', '2015-02-05 15:17:09', 'work', 'N'),
	(158, 2, 'manaeiei', '2015-02-05 12:00:00', '2015-02-05 17:00:00', 18000, 'ปรับ authentication โดยรวม', '2015-02-05 15:18:02', 'work', 'N'),
	(159, 3, 'indpendents', '2015-02-05 13:00:00', '2015-02-05 15:00:00', 7200, 'แก้ไขข้อมูลสถิติ ผลบอลเมือวานไม่มา แก้ไขโปรแกรมบางส่วน', '2015-02-05 15:23:00', 'work', 'N'),
	(160, 2, 'cherry', '2015-02-04 08:00:00', '2015-02-04 12:00:00', 14400, 'service token for login , get user by token login ', '2015-02-05 16:37:10', 'work', 'N'),
	(161, 2, 'cherry', '2015-02-04 13:00:00', '2015-02-04 17:30:00', 16200, 'service addChart ,service  editChart ,service removeChart , ', '2015-02-05 16:39:28', 'work', 'N'),
	(162, 2, 'indpendents', '2015-02-05 15:00:00', '2015-02-05 17:00:00', 7200, 'อัพเดทฐานข้อมูลหุ้น', '2015-02-05 16:40:05', 'work', 'N'),
	(163, 2, 'cherry', '2015-02-05 08:00:00', '2015-02-05 12:00:00', 14400, 'service addPost , service eidtpost , service getPostAll , service getpostById', '2015-02-05 16:40:34', 'work', 'N'),
	(164, 2, 'cherry', '2015-02-05 13:00:00', '2015-02-05 17:50:00', 17400, 'service likepost , service unlikepost removepost , getpostAlluser', '2015-02-05 16:41:38', 'work', 'N'),
	(165, 2, 'Bim', '2015-02-04 08:00:00', '2015-02-04 10:00:00', 7200, 'ตัดหน้าข่าว (เลเอาท์เดิม) เพิ่มเติม ', '2015-02-05 16:43:36', 'work', 'N'),
	(166, 2, 'Bim', '2015-02-04 11:00:00', '2015-02-04 12:00:00', 3600, 'ศึกษาสคริป +เริ่มแก้ไขเลเอาท์ ด้านบนแบบ fixed', '2015-02-05 16:47:42', 'work', 'N'),
	(167, 9, 'manaeiei', '2015-02-05 17:00:00', '2015-02-05 18:00:00', 3600, 'ล้างห้องน้ำ', '2015-02-05 17:14:08', 'work', 'N'),
	(168, 3, 'heetee', '2015-02-05 08:00:00', '2015-02-05 09:00:00', 3600, 'ประกาศรางวัลกิจกรรมใน Ssporting.com โดยการคัดเลือกคอมเม้นคู่บอลที่โดนใจแอดมิน', '2015-02-05 17:14:39', 'work', 'N'),
	(169, 3, 'heetee', '2015-02-05 09:00:00', '2015-02-05 10:00:00', 3600, 'สร้างกิจกรรมคู่บอลใน Ssporting.com โดยเลือกคู่บอลคู่ใหญ่มาโพสในเว็บ และเพส', '2015-02-05 17:15:08', 'work', 'N'),
	(170, 3, 'heetee', '2015-02-05 10:00:00', '2015-02-05 12:00:00', 7200, 'หาข้อมูลข่าวสารเกี่ยวกับฟุตบอล จากเว็บไซต์กีฬา Twitter Vine และเพสเฟสบุ๊กกีฬาทั้งในประเทศและต่างประเทศ เพื่อโพสในเพสเฟสบุ๊กและในเว็บ Ssporting.com', '2015-02-05 17:15:41', 'work', 'N'),
	(171, 3, 'heetee', '2015-02-05 13:00:00', '2015-02-05 15:00:00', 7200, 'โพสคลิปวิดีโอสร้างกระแสในเพสเฟสบุ๊ก และเว็บ Ssporting.com', '2015-02-05 17:17:10', 'work', 'N'),
	(172, 3, 'heetee', '2015-02-05 15:00:00', '2015-02-05 16:00:00', 3600, 'หาคู่บอลทีเด็ด และบอลสเตป เพื่อโพสในเพสเฟสบุ๊กและเว็บ Ssporting.com(ทีเด็ดโพสเวลา 16:00 น. /บอลสเตป 16:30 น.)', '2015-02-05 17:17:47', 'work', 'N'),
	(173, 3, 'heetee', '2015-02-05 16:00:00', '2015-02-05 17:30:00', 5400, 'สร้างกระแสในเว็บ Ssporting.com โดยใช้ User อวตาน', '2015-02-05 17:18:20', 'work', 'N'),
	(174, 3, 'heetee', '2015-02-05 17:30:00', '2015-02-05 18:00:00', 1800, 'กวาดอ๊อฟฟิต', '2015-02-05 17:18:52', 'work', 'N'),
	(175, 3, 'xsorust', '2015-02-05 08:00:00', '2015-02-05 12:00:00', 14400, 'อัพเดทข่าวคราวความเคลื่อนไหว เกี่ยวกับฟุตบอล 17 ข่าว , อัพบอร์ดรูปบอร์ดเซ็กซี่ฟุตบอล 1 ครั้ง หาและอัพคลิปที่น่าสนใจในวงการฟุตบอล 2 คลิป เล่นเกมส์ทายผลบอล+แสดงทรรศนะ 7 ครั้ง อัพบอร์ด 1 ครั้ง อัพคลิปไฮไลทืคู่บอล 2 คลิป', '2015-02-05 17:28:26', 'work', 'N'),
	(176, 1, 'NanoK', '2015-02-05 08:30:00', '2015-02-05 12:00:00', 12600, 'ระบบจัดการพนักงานเข้าโครงการ (สำหรับ admin)', '2015-02-05 17:29:39', 'work', 'N'),
	(177, 3, 'xsorust', '2015-02-05 13:05:00', '2015-02-05 17:36:00', 16260, 'อัพเดทข่าวคราวความเคลื่อนไหว เกี่ยวกับฟุตบอล 26 ข่าว , อัพบอร์ดรูปบอร์ดเซ็กซี่ฟุตบอล 1 ครั้ง หาและอัพคลิปที่น่าสนใจในวงการฟุตบอล 2 คลิป เล่นเกมส์ทายผลบอล+แสดงทรรศนะ 16 ครั้ง อัพบอร์ด 2 ครั้ง', '2015-02-05 17:30:13', 'work', 'N'),
	(178, 1, 'NanoK', '2015-02-05 13:00:00', '2015-02-05 17:00:00', 14400, 'ปรับระบบค้นเเละสิทธิการค้นหา เเละ เข้าถึงข้อมูลของพนักงาน', '2015-02-05 17:30:56', 'work', 'N'),
	(179, 1, 'xsorust', '2015-02-05 17:36:00', '2015-02-05 17:41:00', 300, 'กรอก Timesheet', '2015-02-05 17:32:12', 'work', 'N'),
	(180, 9, 'xsorust', '2015-02-05 17:41:00', '2015-02-05 18:00:00', 1140, 'กวาดออฟฟิศชั้น 2', '2015-02-05 17:32:48', 'work', 'N'),
	(181, 3, 'mrsyrop', '2015-02-05 09:00:00', '2015-02-05 12:00:00', 10800, 'แก้บั๊คอัพเดทสถานะคู่บอล', '2015-02-05 17:35:13', 'work', 'N'),
	(182, 3, 'mrsyrop', '2015-02-05 13:00:00', '2015-02-05 18:00:00', 18000, 'แก้บั๊ครายการ bet list ของคู่บอล', '2015-02-05 17:36:31', 'work', 'N'),
	(183, 2, 'Bim', '2015-02-04 13:00:00', '2015-02-04 18:00:00', 18000, 'คุย concept เลเอาท์หลักใหม่+ เลเอาท์หน้า News ใหม่ + เริ่มปรับ +รอเลเอาท์หน้าnewsใหม่', '2015-02-05 17:36:33', 'work', 'N'),
	(184, 5, 'babudo', '2015-02-05 08:00:00', '2015-02-05 10:30:00', 9000, 'ออกแบบ layout', '2015-02-05 17:36:42', 'work', 'N'),
	(185, 2, 'babudo', '2015-02-05 10:30:00', '2015-02-05 12:00:00', 5400, 'แก้ไข css', '2015-02-05 17:37:15', 'work', 'N'),
	(186, 2, 'Bim', '2015-02-05 08:00:00', '2015-02-05 12:00:00', 14400, 'ปรับเลเอาท์หลักโครงใหม่ + หน้าแรก + แถบขวาฟิกซ์ ', '2015-02-05 17:38:07', 'work', 'N'),
	(187, 5, 'babudo', '2015-02-01 00:00:00', '2015-02-05 17:30:00', 408600, 'ออกแบบ layout / แก้ไข package ยา', '2015-02-05 17:38:12', 'work', 'Y'),
	(188, 5, 'babudo', '2015-02-05 13:00:00', '2015-02-05 17:30:00', 16200, 'ออกแบบ layout / แก้ไข packaging ยา ', '2015-02-05 17:39:39', 'work', 'N'),
	(189, 3, 'แอมมี่', '2015-02-05 08:00:00', '2015-02-05 09:30:00', 5400, 'ตรวจสอบผลฟุตอบอลเมื่่อคืน ตอบคำถาม User พร้อมติดตามข่าวสารเกี่ยวกับฟุตบอล ', '2015-02-05 17:39:52', 'work', 'N'),
	(190, 9, 'babudo', '2015-02-05 17:30:00', '2015-02-05 18:00:00', 1800, 'ถูพื้นชั้น 2', '2015-02-05 17:40:27', 'work', 'N'),
	(191, 3, 'แอมมี่', '2015-02-05 09:30:00', '2015-02-05 11:00:00', 5400, 'ตารางแข่ง FA CUP รอบ 16 ทีม', '2015-02-05 17:40:59', 'work', 'N'),
	(192, 2, 'Bim', '2015-02-05 13:00:00', '2015-02-05 15:30:00', 9000, 'ปรับเลเอาท์หน้าโปรไฟล์ + tab ด้านบน ', '2015-02-05 17:41:26', 'work', 'N'),
	(193, 2, 'boy', '2015-02-05 08:20:00', '2015-02-05 11:58:00', 13080, 'ลบหุ้นทีเพิ่ม', '2015-02-05 17:42:28', 'work', 'N'),
	(194, 2, 'แอมมี่', '2015-02-05 11:00:00', '2015-02-05 12:00:00', 3600, 'แก้ไขเมนู Tap Wiget', '2015-02-05 17:43:04', 'work', 'N'),
	(195, 2, 'Bim', '2015-02-05 15:30:00', '2015-02-05 17:30:00', 7200, 'ตัดเลเอาท์หน้า News แบบใหม่', '2015-02-05 17:43:10', 'work', 'N'),
	(196, 2, 'demonixz', '2015-02-05 08:30:00', '2015-02-05 14:00:00', 19800, 'login system (completed)', '2015-02-05 17:43:21', 'work', 'N'),
	(197, 2, 'boy', '2015-02-05 13:05:00', '2015-02-05 17:19:00', 15240, 'ลบหุ้นทีเพิ่มใน Gridview หน้า UiView', '2015-02-05 17:43:24', 'work', 'N'),
	(198, 9, 'boy', '2015-02-05 17:30:00', '2015-02-05 17:52:00', 1320, 'ทำความสะอาด', '2015-02-05 17:43:53', 'work', 'N'),
	(199, 2, 'Bim', '2015-02-05 17:30:00', '2015-02-05 18:00:00', 1800, 'เริ่มตัด แถบfixed ด้านขวาใหม่ ', '2015-02-05 17:44:00', 'work', 'N'),
	(200, 3, 'แอมมี่', '2015-02-05 13:00:00', '2015-02-05 14:30:00', 5400, 'ออกแบบ HBD นักเตะที่เกิด 5 กพ. 58', '2015-02-05 17:45:36', 'work', 'N'),
	(201, 2, 'แอมมี่', '2015-02-05 14:30:00', '2015-02-05 18:00:00', 12600, 'แก้ไขหน้า News All', '2015-02-05 17:46:33', 'work', 'N'),
	(202, 10, 'muy', '2015-02-05 09:00:00', '2015-02-05 10:00:00', 3600, 'เพิ่มข่าวหวย', '2015-02-05 17:46:46', 'work', 'N'),
	(203, 8, 'muy', '2015-02-05 10:00:00', '2015-02-05 11:00:00', 3600, 'ทำเอกสาร SET', '2015-02-05 17:47:47', 'work', 'N'),
	(204, 2, 'muy', '2015-02-05 11:00:00', '2015-02-05 12:00:00', 3600, 'สมัครเว็บเขียนบล็อก 5 เว็บไซต์', '2015-02-05 17:48:28', 'work', 'N'),
	(205, 2, 'muy', '2015-02-05 13:00:00', '2015-02-05 17:30:00', 16200, 'สมัครเว็บเขียนบล็อก 26 เว็บไซต์', '2015-02-05 17:48:59', 'work', 'N'),
	(206, 9, 'muy', '2015-02-05 17:30:00', '2015-02-05 18:00:00', 1800, 'กวาดพื้น', '2015-02-05 17:49:36', 'work', 'N'),
	(207, 2, 'indpendents', '2015-02-06 08:00:00', '2015-02-06 09:00:00', 3600, 'จัดการตัวดูดและเพิ่มข้อมูลหุ้นรายวันลงฐานข้อมูล', '2015-02-06 08:41:05', 'work', 'N'),
	(208, 2, 'indpendents', '2015-02-06 09:00:00', '2015-02-06 12:00:00', 10800, 'จัดการเกี่ยวกับตัวดูดหุ้นเรียวไทม์ให้รันได้เองทุกๆวัน', '2015-02-06 08:42:04', 'work', 'N'),
	(209, 2, 'Muraz', '2015-02-04 10:00:00', '2015-02-04 18:00:00', 28800, 'ศึกษา code chart ของ tradingview', '2015-02-06 09:56:27', 'work', 'N'),
	(210, 2, 'Muraz', '2015-02-06 08:00:00', '2015-02-06 12:00:00', 14400, 'ศึกษา code chart ของ tradingview', '2015-02-06 09:57:02', 'work', 'N'),
	(211, 2, 'manaeiei', '2015-02-06 08:00:00', '2015-02-06 12:00:00', 14400, 'social(facebook twitter google+) login', '2015-02-06 15:13:15', 'work', 'N'),
	(212, 2, 'indpendents', '2015-02-06 13:00:00', '2015-02-06 14:00:00', 3600, 'จัดการเกี่ยวกับตัวดูดหุ้นเรียวไทม์ให้รันได้เองทุกๆวัน ต่อ', '2015-02-06 15:58:20', 'work', 'N'),
	(213, 2, 'indpendents', '2015-02-06 14:00:00', '2015-02-06 15:00:00', 3600, 'คุยเรื่องฐานข้อมูลกับคอนเซ็ปงาน', '2015-02-06 16:04:35', 'work', 'N'),
	(214, 2, 'indpendents', '2015-02-06 15:00:00', '2015-02-06 17:00:00', 7200, 'ดูเกี่ยวกับ Test case เพิ่มเติม', '2015-02-06 16:06:00', 'work', 'N'),
	(215, 3, 'demonixz', '2015-02-06 08:30:00', '2015-02-06 12:00:00', 12600, 'จัดการเรื่องความเร็ว + cache + etc', '2015-02-06 17:25:52', 'work', 'N'),
	(216, 3, 'demonixz', '2015-02-06 13:00:00', '2015-02-06 18:00:00', 18000, 'จัดการเรื่องความเร็ว + cache + etc', '2015-02-06 17:26:47', 'work', 'N'),
	(217, 3, 'heetee', '2015-02-06 08:00:00', '2015-02-06 09:00:00', 3600, 'ประกาศรางวัลกิจกรรมใน Ssporting.com โดยการคัดเลือกคอมเม้นคู่บอลที่โดนใจแอดมิน', '2015-02-06 17:27:38', 'work', 'N'),
	(218, 3, 'heetee', '2015-02-06 09:00:00', '2015-02-06 10:00:00', 3600, 'สร้างกิจกรรมคู่บอลใน Ssporting.com โดยเลือกคู่บอลคู่ใหญ่มาโพสในเว็บ และเพส', '2015-02-06 17:28:17', 'work', 'N'),
	(219, 3, 'heetee', '2015-02-06 10:00:00', '2015-02-06 12:00:00', 7200, 'หาข้อมูลข่าวสารเกี่ยวกับฟุตบอล จากเว็บไซต์กีฬา Twitter Vine และเพสเฟสบุ๊กกีฬาทั้งในประเทศและต่างประเทศ เพื่อโพสในเพสเฟสบุ๊กและในเว็บ Ssporting.com', '2015-02-06 17:28:44', 'work', 'N'),
	(220, 5, 'babudo', '2015-02-06 08:00:00', '2015-02-06 12:00:00', 14400, 'ออกแบบ layout', '2015-02-06 17:28:57', 'work', 'N'),
	(221, 5, 'babudo', '2015-02-06 13:00:00', '2015-02-06 17:30:00', 16200, 'ออกแบบ layout', '2015-02-06 17:29:50', 'work', 'N'),
	(222, 3, 'heetee', '2015-02-06 13:00:00', '2015-02-06 16:00:00', 10800, 'โพสคลิปวิดีโอสร้างกระแสในเพสเฟสบุ๊ก/เว็บ Ssporting.com และทำงานเพื่อวันเสาร์-อาทิตย์', '2015-02-06 17:29:54', 'work', 'N'),
	(223, 3, 'heetee', '2015-02-06 16:00:00', '2015-02-06 17:30:00', 5400, 'หาคู่บอลทีเด็ด และบอลสเตป เพื่อโพสในเพสเฟสบุ๊กและเว็บ Ssporting.com(ทีเด็ดโพสเวลา 16:00 น. /บอลสเตป 16:30 น.)', '2015-02-06 17:30:25', 'work', 'N'),
	(224, 3, 'babudo', '2015-02-06 17:30:00', '2015-02-06 17:40:00', 600, 'ตอบ comment', '2015-02-06 17:30:36', 'work', 'N'),
	(225, 9, 'heetee', '2015-02-06 17:30:00', '2015-02-06 18:00:00', 1800, 'กวาดอ๊อฟฟิต', '2015-02-06 17:31:12', 'work', 'N'),
	(226, 9, 'babudo', '2015-02-06 17:40:00', '2015-02-06 18:00:00', 1200, 'ถูชั้น 2', '2015-02-06 17:31:20', 'work', 'N'),
	(227, 2, 'Muraz', '2015-02-06 13:00:00', '2015-02-06 18:00:00', 18000, 'ศึกษา code chart ของ tradingview', '2015-02-06 17:33:22', 'work', 'N'),
	(228, 3, 'แอมมี่', '2015-02-06 08:00:00', '2015-02-06 12:00:00', 14400, 'ทำโปรแกรมบอล วันนี้ และล่วงหน้า เสาร์- อาทิตย์', '2015-02-06 17:34:53', 'work', 'N'),
	(229, 3, 'xsorust', '2015-02-06 08:00:00', '2015-02-06 12:00:00', 14400, 'อัพเดทข่าวคราวความเคลื่อนไหว เกี่ยวกับฟุตบอล 24 ข่าว , อัพบอร์ดรูปบอร์ดเซ็กซี่ฟุตบอล 1 ครั้ง หาและอัพคลิปที่น่าสนใจในวงการฟุตบอล 1 คลิป เล่นเกมส์ทายผลบอล+แสดงทรรศนะ 17 ครั้ง อัพบอร์ด 2 ครั้ง', '2015-02-06 17:36:51', 'work', 'N'),
	(230, 1, 'NanoK', '2015-02-06 08:30:00', '2015-02-06 12:00:00', 12600, 'ตัวรายงานชั่วโมงทำงานรวม รายเดือน', '2015-02-06 17:37:02', 'work', 'N'),
	(231, 2, 'แอมมี่', '2015-02-06 13:00:00', '2015-02-06 17:00:00', 14400, 'ออกแบบหน้า News ทั้งหมด 4 แบบให้พี่โอ้', '2015-02-06 17:37:21', 'work', 'N'),
	(232, 1, 'NanoK', '2015-02-06 13:00:00', '2015-02-06 18:00:00', 18000, 'ตัวรายงานชั่วโมงทำงานรวม รายเดือน (ต่อ)', '2015-02-06 17:38:00', 'work', 'N'),
	(233, 2, 'แอมมี่', '2015-02-06 17:00:00', '2015-02-06 18:00:00', 3600, 'แก้งานออกแบบหน้า News Detail', '2015-02-06 17:38:34', 'work', 'N'),
	(234, 3, 'xsorust', '2015-02-06 13:00:00', '2015-02-06 17:40:00', 16800, 'อัพเดทข่าวคราวความเคลื่อนไหว เกี่ยวกับฟุตบอล 10 ข่าว , อัพบอร์ดรูปบอร์ดเซ็กซี่ฟุตบอล 1 ครั้ง หาและอัพคลิปที่น่าสนใจในวงการฟุตบอล 2 คลิป เล่นเกมส์ทายผลบอล+แสดงทรรศนะ 2 ครั้ง จัดทำวิเคราะห์ก่อนเกมคู่ everton vs Liverpool , Tottenham vs Arsenal แล้วอัพขึ้นบอร์ด', '2015-02-06 17:39:19', 'work', 'N'),
	(235, 2, 'Bim', '2015-02-06 08:00:00', '2015-02-06 12:00:00', 14400, 'update แถบ slide ด้านบน + update หน้า Profile +update Layout', '2015-02-06 17:39:51', 'work', 'N'),
	(236, 9, 'xsorust', '2015-02-06 17:40:00', '2015-02-06 18:00:00', 1200, 'กวาดออฟฟิศชั้น 2', '2015-02-06 17:40:54', 'work', 'N'),
	(237, 3, 'wutthikorn', '2015-02-06 08:30:00', '2015-02-06 12:00:00', 12600, 'แก้ไขหน้าเล่นเกม (ต่อ)', '2015-02-06 17:42:25', 'work', 'N'),
	(238, 2, 'manaeiei', '2015-02-06 13:00:00', '2015-02-06 18:00:00', 18000, 'change password และ content animation', '2015-02-06 17:42:50', 'work', 'N'),
	(239, 2, 'Bim', '2015-02-06 13:00:00', '2015-02-06 18:00:00', 18000, 'ีupdate แถบเมนู + ตัด แถบ fixed ด้านขวาใหม่ (ต่อ) ', '2015-02-06 17:43:08', 'work', 'N'),
	(240, 3, 'wutthikorn', '2015-02-06 13:00:00', '2015-02-06 18:00:00', 18000, 'เพิ่มการแจ้งเตือนและข้อความในหน้าโปรไฟล์', '2015-02-06 17:43:09', 'work', 'N'),
	(241, 10, 'muy', '2015-02-06 08:00:00', '2015-02-06 09:00:00', 3600, 'เพิ่มข่าวหวย', '2015-02-06 17:51:53', 'work', 'N'),
	(242, 3, 'mrsyrop', '2015-02-06 08:00:00', '2015-02-06 18:00:00', 36000, 'แก้และทดสอบฟังก์ชัน', '2015-02-06 17:52:22', 'work', 'N'),
	(243, 2, 'muy', '2015-02-06 09:00:00', '2015-02-06 12:00:00', 10800, 'หาข้อมูลเกี่ยวกับการเขียนบทความหุ้น', '2015-02-06 17:53:32', 'work', 'N'),
	(244, 2, 'muy', '2015-02-06 13:00:00', '2015-02-06 18:00:00', 18000, 'หาข้อมูลเกี่ยวกับการเขียนบทความหุ้น', '2015-02-06 17:54:01', 'work', 'N'),
	(245, 3, 'obe', '2015-02-09 09:07:00', '2015-02-09 09:43:00', 2160, 'ios ดูจำนวนผู้เล่นที่ไม่แสดง', '2015-02-09 09:35:46', 'work', 'N'),
	(246, 3, 'obe', '2015-02-09 13:39:00', '2015-02-09 15:19:00', 6000, 'ios แก้การแสดง timeline type board', '2015-02-09 15:10:53', 'work', 'N'),
	(247, 2, 'cherry', '2015-02-06 08:00:00', '2015-02-06 12:00:00', 14400, 'leaning tradeingView ', '2015-02-09 15:11:40', 'work', 'N'),
	(248, 2, 'cherry', '2015-02-06 13:00:00', '2015-02-06 18:00:00', 18000, 'edit service login  token ', '2015-02-09 15:15:16', 'work', 'N'),
	(249, 2, 'cherry', '2015-02-09 08:00:00', '2015-02-09 12:00:00', 14400, 'symbol service for web and grpch', '2015-02-09 16:06:26', 'work', 'N'),
	(250, 2, 'cherry', '2015-02-09 13:00:00', '2015-02-09 17:30:00', 16200, 'edit service  service editUserInfo , service editNotification , test service loginByMail ', '2015-02-09 16:08:00', 'work', 'N'),
	(251, 2, 'indpendents', '2015-02-09 08:00:00', '2015-02-09 17:30:00', 34200, 'ดูเกี่ยวกับ Test Case ติดต่อคุยกับทาง SET', '2015-02-09 17:04:22', 'work', 'N'),
	(252, 1, 'NanoK', '2015-02-09 08:00:00', '2015-02-09 12:00:00', 14400, 'แก้บัคตารางสรุปเวลางาน ทำค้นหา ตัดหน้ารายเดือน', '2015-02-09 17:24:45', 'work', 'N'),
	(253, 1, 'NanoK', '2015-02-09 13:00:00', '2015-02-09 18:00:00', 18000, 'รับ Requirement ใหม่ ปรับตาม Requirement', '2015-02-09 17:26:38', 'work', 'N'),
	(254, 3, 'wutthikorn', '2015-02-09 08:30:00', '2015-02-09 12:00:00', 12600, 'แก้บักหน้าเล่นเกมให้อัพเดทข้อมูลทุกครั้งหลังจาก lock screen', '2015-02-09 17:31:18', 'work', 'N'),
	(255, 3, 'wutthikorn', '2015-02-09 13:00:00', '2015-02-09 17:30:00', 16200, 'เพิ่มการส่งข้อความในหน้า Timeline', '2015-02-09 17:32:33', 'work', 'N'),
	(256, 3, 'xsorust', '2015-02-09 08:00:00', '2015-02-09 12:00:00', 14400, 'อัพเดทข่าวคราวความเคลื่อนไหว เกี่ยวกับฟุตบอล 24 ข่าว , อัพบอร์ดรูปบอร์ดเซ็กซี่ฟุตบอล 1 ครั้ง หาและอัพคลิปที่น่าสนใจในวงการฟุตบอล 3 คลิป เล่นเกมส์ทายผลบอล+แสดงทรรศนะ 4 ครั้ง อัพบอร์ด 2 ครั้ง อัพไฮไลท์คู่บอล 2 คู่', '2015-02-09 17:36:53', 'work', 'N'),
	(257, 3, 'xsorust', '2015-02-09 13:05:00', '2015-02-09 17:44:00', 16740, 'อัพเดทข่าวคราวความเคลื่อนไหว เกี่ยวกับฟุตบอล 23 ข่าว , อัพบอร์ดรูปบอร์ดเซ็กซี่ฟุตบอล 1 ครั้ง หาและอัพคลิปที่น่าสนใจในวงการฟุตบอล 3 คลิป เล่นเกมส์ทายผลบอล+แสดงทรรศนะ 17 ครั้ง อัพบอร์ด 2 ครั้ง', '2015-02-09 17:39:56', 'work', 'N'),
	(258, 9, 'xsorust', '2015-02-09 17:44:00', '2015-02-09 18:00:00', 960, 'กวาดออฟฟิศชั้น 2', '2015-02-09 17:41:26', 'work', 'N'),
	(259, 2, 'demonixz', '2015-02-09 08:30:00', '2015-02-09 18:00:00', 34200, 'tradingview js api + screenshot + high-level save/load', '2015-02-09 17:48:28', 'work', 'N'),
	(260, 3, 'แอมมี่', '2015-02-09 08:00:00', '2015-02-09 09:30:00', 5400, 'ตรวจสอบผลฟุตอบอลเมื่่อคืน ตอบคำถาม User พร้อมติดตามข่าวสารเกี่ยวกับฟุตบอล', '2015-02-09 18:02:37', 'work', 'N'),
	(261, 3, 'แอมมี่', '2015-02-09 09:30:00', '2015-02-09 12:00:00', 9000, 'เช็คโปรแกรมการแข่งขันของวันนี้ พร้อมตรวจสอบเวลาแข่ง ช่องทอดการแข่งขัน พร้อมติดตามข่าวสารเกี่ยวกับฟุตบอล', '2015-02-09 18:03:43', 'work', 'N'),
	(262, 2, 'แอมมี่', '2015-02-09 13:00:00', '2015-02-09 15:00:00', 7200, 'แก้งานออกแบบหน้า ฺbidschart ', '2015-02-09 18:05:52', 'work', 'N'),
	(263, 3, 'แอมมี่', '2015-02-09 15:00:00', '2015-02-09 16:00:00', 3600, 'บลอชุด บอลเต็ง', '2015-02-09 18:06:29', 'work', 'N'),
	(264, 2, 'แอมมี่', '2015-02-09 16:00:00', '2015-02-09 18:00:00', 7200, 'แก้งานออกแบบหน้า ฺbidschart ', '2015-02-09 18:07:40', 'work', 'N'),
	(265, 8, 'muy', '2015-02-09 08:00:00', '2015-02-09 10:00:00', 7200, 'ทำเอกสารข้อมูลติดต่อของพนักงานส่งให้กับฝ่ายบุคคล', '2015-02-09 20:00:00', 'work', 'N'),
	(266, 10, 'muy', '2015-02-09 10:00:00', '2015-02-09 11:00:00', 3600, 'เพิ่มข่าวหวย', '2015-02-09 20:00:23', 'work', 'N'),
	(267, 2, 'muy', '2015-02-09 11:00:00', '2015-02-09 12:00:00', 3600, 'หาข้อมูลเกี่ยวกับการเขียนบทความหุ้น', '2015-02-09 20:00:47', 'work', 'N'),
	(268, 2, 'indpendents', '2015-02-10 08:00:00', '2015-02-10 09:00:00', 3600, 'แก้ไขเกี่ยวการตั่งตัวรันอัตโนมัติในเซิร์ฟเวอร์', '2015-02-10 08:27:32', 'work', 'N'),
	(269, 2, 'Muraz', '2015-02-10 08:30:00', '2015-02-10 09:27:00', 3420, 'อธิบายเพิ่มเติมเรื่อง Data Chart', '2015-02-10 09:18:49', 'work', 'N'),
	(270, 2, 'Muraz', '2015-02-10 09:27:00', '2015-02-10 12:00:00', 9180, 'ศึกษา Code chart การ Save/Load', '2015-02-10 09:20:19', 'work', 'N'),
	(271, 2, 'babudo', '2015-02-10 08:00:00', '2015-02-10 11:00:00', 10800, 'แก้ไข css/html ', '2015-02-10 11:09:17', 'work', 'N'),
	(272, 1, 'crop', '2015-02-10 13:15:00', '2015-02-10 14:21:00', 3960, 'kkkkkk', '2015-02-10 11:12:27', 'work', 'Y'),
	(273, 1, 'crop', '2015-02-10 11:23:00', '2015-02-10 14:00:00', 9420, 'llll', '2015-02-10 11:14:05', 'work', 'N'),
	(274, 11, 'obe', '2015-02-10 08:40:00', '2015-02-10 10:00:00', 4800, 'ios ศึกษาการสร้างฐานข้อมูล Core Data', '2015-02-10 11:43:40', 'work', 'N'),
	(275, 2, 'boy', '2015-02-10 08:20:00', '2015-02-10 12:00:00', 13200, 'app setAlert connect facebook ', '2015-02-10 13:12:29', 'work', 'N'),
	(276, 2, 'cherry', '2015-02-10 08:00:00', '2015-02-10 12:00:00', 14400, 'service addcomment  service editcomment  service likepost service unlikepost', '2015-02-10 15:37:28', 'work', 'N'),
	(277, 2, 'indpendents', '2015-02-10 09:00:00', '2015-02-10 11:31:00', 9060, 'ศึกษาระบบและตัวแปรของ tradingview.com', '2015-02-10 16:54:14', 'work', 'N'),
	(278, 2, 'Muraz', '2015-02-10 13:15:00', '2015-02-10 17:30:00', 15300, 'Test [Function Save()] ', '2015-02-10 16:54:40', 'work', 'N'),
	(279, 2, 'indpendents', '2015-02-10 11:30:00', '2015-02-10 12:00:00', 1800, 'ทีมบริหารเรียกเข้าประชุมชี้แจงเรื่องโปรแกรม timeSheet', '2015-02-10 16:55:03', 'work', 'N'),
	(280, 15, 'indpendents', '2015-02-10 13:00:00', '2015-02-10 14:30:00', 5400, 'ทำกิจส่วนต่อไปต่อภาษีรถยนต์', '2015-02-10 16:55:56', 'work', 'N'),
	(281, 3, 'แอมมี่', '2015-02-10 08:00:00', '2015-02-10 09:30:00', 5400, 'ตรวจสอบผลฟุตอบอลเมื่่อคืน ตอบคำถาม User พร้อมติดตามข่าวสารเกี่ยวกับฟุตบอล', '2015-02-10 16:57:01', 'work', 'N'),
	(282, 2, 'indpendents', '2015-02-10 14:30:00', '2015-02-10 16:40:00', 7800, 'ศึกษาระบบและตัวแปรของ tradingview.com (ต่อ) และแจกแจงงานให้เกม', '2015-02-10 16:58:19', 'work', 'N'),
	(283, 15, 'indpendents', '2015-02-10 16:40:00', '2015-02-10 17:10:00', 1800, 'พี่ชัยเรียกประชุมทุกคนเรื่องการลาและเรื่องอื่นๆ', '2015-02-10 16:59:50', 'work', 'N'),
	(284, 3, 'แอมมี่', '2015-02-10 09:30:00', '2015-02-10 11:00:00', 5400, 'เช็คโปรแกรมการแข่งขันของวันนี้ พร้อมตรวจสอบเวลาแข่ง ช่องทอดการแข่งขัน พร้อมติดตามข่าวสารเกี่ยวกับฟุตบอล', '2015-02-10 17:00:48', 'work', 'N'),
	(285, 2, 'แอมมี่', '2015-02-10 11:00:00', '2015-02-10 12:00:00', 3600, 'ออกแบบหน้า bidschart หน้าดูกราฟ ', '2015-02-10 17:01:40', 'work', 'N'),
	(286, 2, 'แอมมี่', '2015-02-10 13:00:00', '2015-02-10 16:00:00', 10800, 'แก้ไขหน้า คลิ๊ก drop down ของหน้าการแสดงผลของหุ้น แล้วส่งให้พี่ตั้มดูรายละเอียด', '2015-02-10 17:07:30', 'work', 'N'),
	(287, 2, 'แอมมี่', '2015-02-10 16:00:00', '2015-02-10 17:00:00', 3600, 'แก้งานออกแบบหน้า News Detail ให้แสดงผลแบบ  responsive', '2015-02-10 17:09:37', 'work', 'N'),
	(288, 2, 'แอมมี่', '2015-02-10 17:00:00', '2015-02-10 18:00:00', 3600, 'แก้ไขหน้า คลิ๊ก drop down ของหน้าการแสดงผลของหุ้น แล้วส่งให้พี่ตั้มดูรายละเอียด อีกครั้ง 	', '2015-02-10 17:10:31', 'work', 'N'),
	(289, 3, 'heetee', '2015-02-10 08:00:00', '2015-02-10 09:00:00', 3600, 'ประกาศรางวัลกิจกรรมใน Ssporting.com โดยการคัดเลือกคอมเม้นคู่บอลที่โดนใจแอดมิน', '2015-02-10 17:15:28', 'work', 'N'),
	(290, 2, 'manaeiei', '2015-02-10 09:00:00', '2015-02-10 12:00:00', 10800, 'bootstrap responsive sidebar', '2015-02-10 17:16:00', 'work', 'N'),
	(291, 3, 'heetee', '2015-02-10 09:00:00', '2015-02-10 10:00:00', 3600, 'สร้างกิจกรรมคู่บอลใน Ssporting.com โดยเลือกคู่บอลคู่ใหญ่มาโพสในเว็บ และเพส', '2015-02-10 17:16:04', 'work', 'Y'),
	(292, 3, 'heetee', '2015-02-10 09:00:00', '2015-02-10 10:00:00', 3600, 'สร้างกิจกรรมคู่บอลใน Ssporting.com โดยเลือกคู่บอลคู่ใหญ่มาโพสในเว็บ และเพส', '2015-02-10 17:16:08', 'work', 'N'),
	(293, 2, 'manaeiei', '2015-02-10 13:00:00', '2015-02-10 18:00:00', 18000, 'comment on post', '2015-02-10 17:16:30', 'work', 'N'),
	(294, 3, 'heetee', '2015-02-10 10:00:00', '2015-02-10 12:00:00', 7200, 'คิดมุขเกรียนเพื่อโพสในเพสเฟสบุ๊ก(มุขแรก)', '2015-02-10 17:19:50', 'work', 'N'),
	(295, 3, 'heetee', '2015-02-10 13:00:00', '2015-02-10 15:00:00', 7200, 'คิดมุขเกรียนเพื่อโพสในเพสเฟสบุ๊ก(มุขสอง)', '2015-02-10 17:20:23', 'work', 'N'),
	(296, 3, 'heetee', '2015-02-10 15:00:00', '2015-02-10 16:30:00', 5400, 'หาคู่บอลทีเด็ด และบอลสเตป เพื่อโพสในเพสเฟสบุ๊กและเว็บ Ssporting.com(ทีเด็ดโพสเวลา 16:00 น. /บอลสเตป 16:30 น.)', '2015-02-10 17:21:13', 'work', 'N'),
	(297, 3, 'heetee', '2015-02-10 16:30:00', '2015-02-10 18:00:00', 5400, 'สร้างกระแสในเว็บ Ssporting.com โดยใช้ User อวตาน', '2015-02-10 17:21:55', 'work', 'N'),
	(298, 11, 'obe', '2015-02-10 13:32:00', '2015-02-10 17:32:00', 14400, 'ios เพิ่ม แก้ไข ลบ ข้อมูล view', '2015-02-10 17:23:13', 'work', 'N'),
	(299, 2, 'Bim', '2015-02-10 08:00:00', '2015-02-10 12:00:00', 14400, 'แก้ใขโครงสร้างหลัก ทั้งเว็บ + เลเอาท์หลัก + เลเอาท์ profile', '2015-02-10 17:27:09', 'work', 'N'),
	(300, 2, 'cherry', '2015-02-10 13:00:00', '2015-02-10 17:34:00', 16440, 'insert database for symbol(data) gen database for test', '2015-02-10 17:27:30', 'work', 'N'),
	(301, 9, 'cherry', '2015-02-10 17:45:00', '2015-02-10 18:00:00', 900, 'Glass Cleaner', '2015-02-10 17:28:49', 'work', 'N'),
	(302, 2, 'babudo', '2015-02-10 11:00:00', '2015-02-10 12:00:00', 3600, 'แก้ไข css/html', '2015-02-10 17:33:43', 'work', 'N'),
	(303, 2, 'babudo', '2015-02-10 13:00:00', '2015-02-10 17:30:00', 16200, 'แก้ไข css/html', '2015-02-10 17:34:31', 'work', 'N'),
	(304, 3, 'mrsyrop', '2015-02-10 08:07:00', '2015-02-10 12:00:00', 13980, 'แก้และทดสอบฟังก์ชัน', '2015-02-10 17:35:23', 'work', 'N'),
	(305, 9, 'babudo', '2015-02-10 17:30:00', '2015-02-10 18:00:00', 1800, 'ถูชั้น 2', '2015-02-10 17:35:41', 'work', 'N'),
	(306, 12, 'demonixz', '2015-02-10 08:30:00', '2015-02-10 12:00:00', 12600, 'maintenance 203.146.127.214, 203.146.127.215, 203.146.127.217 ', '2015-02-10 17:35:52', 'work', 'N'),
	(307, 3, 'mrsyrop', '2015-02-10 13:00:00', '2015-02-10 18:00:00', 18000, 'แก้และทดสอบฟังก์ชัน', '2015-02-10 17:36:14', 'work', 'N'),
	(308, 2, 'demonixz', '2015-02-10 13:30:00', '2015-02-10 18:00:00', 16200, 'save/load chart snapshot', '2015-02-10 17:36:58', 'work', 'N'),
	(309, 3, 'xsorust', '2015-02-10 08:00:00', '2015-02-10 12:00:00', 14400, 'อัพเดทข่าวคราวความเคลื่อนไหว เกี่ยวกับฟุตบอล 15 ข่าว , อัพบอร์ดรูปบอร์ดเซ็กซี่ฟุตบอล 1 ครั้ง เล่นเกมส์ทายผลบอล+แสดงทรรศนะ 8 ครั้ง จัดทำวิเคราะห์ก่อนเกมคู่   Liverpool vs Tottenham  แล้วอัพขึ้นบอร์ด 1 ครั้ง', '2015-02-10 17:37:51', 'work', 'N'),
	(310, 2, 'Bim', '2015-02-10 13:00:00', '2015-02-10 13:30:00', 1800, 'เพิ่ม/แก้เลเอาท์ news ', '2015-02-10 17:39:43', 'work', 'N'),
	(311, 3, 'xsorust', '2015-02-10 13:00:00', '2015-02-10 17:45:00', 17100, 'อัพเดทข่าวคราวความเคลื่อนไหว เกี่ยวกับฟุตบอล 25 ข่าว , อัพบอร์ดรูปบอร์ดเซ็กซี่ฟุตบอล 1 ครั้ง หาและอัพคลิปที่น่าสนใจในวงการฟุตบอล 2 คลิป เล่นเกมส์ทายผลบอล+แสดงทรรศนะ 12 ครั้ง อัพบอร์ด 1 ครั้ง', '2015-02-10 17:40:03', 'work', 'N'),
	(312, 9, 'xsorust', '2015-02-10 17:45:00', '2015-02-10 18:00:00', 900, 'กวาดออฟฟิศชั้น 2', '2015-02-10 17:40:36', 'work', 'N'),
	(313, 3, 'wutthikorn', '2015-02-10 09:15:00', '2015-02-10 12:00:00', 9900, 'ทำหน้า Inbox', '2015-02-10 17:42:21', 'work', 'N'),
	(314, 11, 'Bim', '2015-02-10 13:30:00', '2015-02-10 14:30:00', 3600, 'ศึกษาการทำ css แบบ masonry', '2015-02-10 17:42:55', 'work', 'N'),
	(315, 3, 'wutthikorn', '2015-02-10 13:00:00', '2015-02-10 17:00:00', 14400, 'ทำหน้า Inbox (ต่อ)', '2015-02-10 17:43:34', 'work', 'N'),
	(316, 2, 'Bim', '2015-02-10 14:30:00', '2015-02-10 15:50:00', 4800, 'ทำเลเอาท์แบบ masonry  หน้าแรก ', '2015-02-10 17:44:01', 'work', 'N'),
	(317, 2, 'Bim', '2015-02-10 15:50:00', '2015-02-10 18:00:00', 7800, 'แก้ไขหน้า news ให้เป็นแบบใหม่ masonry', '2015-02-10 17:44:57', 'work', 'N'),
	(318, 1, 'NanoK', '2015-02-10 08:00:00', '2015-02-10 12:00:00', 14400, 'เพิ่มระบบ ลางาน', '2015-02-10 17:45:05', 'work', 'N'),
	(319, 13, 'boy', '2015-02-10 16:30:00', '2015-02-10 17:00:00', 1800, 'ประชุม', '2015-02-10 17:45:08', 'work', 'N'),
	(320, 1, 'NanoK', '2015-02-10 13:00:00', '2015-02-10 18:00:00', 18000, 'ปรับการเเสดงผล "ตารางสรุปเวลางาน" ', '2015-02-10 17:46:12', 'work', 'N'),
	(321, 8, 'muy', '2015-02-10 08:00:00', '2015-02-10 08:30:00', 1800, 'ลงข้อมูลประวัติการลาเดือนกุมภาพันธ์รอบสัปดาห์ของวันที่ 3 -10 กุมภาพันธ์ ', '2015-02-10 17:46:25', 'work', 'N'),
	(322, 10, 'muy', '2015-02-10 08:30:00', '2015-02-10 09:30:00', 3600, 'อัพข่าว', '2015-02-10 17:47:06', 'work', 'N'),
	(323, 13, 'muy', '2015-02-10 09:30:00', '2015-02-10 12:00:00', 9000, 'ประชุมงานเกี่ยวกับรายละเอียดการเขียนบทตวามของหุ้น และการปรับโปรเจค timesheet', '2015-02-10 17:49:12', 'work', 'N'),
	(324, 2, 'muy', '2015-02-10 13:00:00', '2015-02-10 15:00:00', 7200, 'ศึกษาข้อมูลและค้นหาข้อมูลที่จะนำมาเขียนบทความหุ้น', '2015-02-10 17:50:43', 'work', 'N'),
	(325, 2, 'muy', '2015-02-10 15:00:00', '2015-02-10 16:00:00', 3600, 'เขียนบทความหุ้น ', '2015-02-10 17:51:35', 'work', 'N'),
	(326, 8, 'muy', '2015-02-10 16:00:00', '2015-02-10 16:30:00', 1800, 'ทำรายงานอุปกรณ์ออฟฟิศ X3SK ส่งพี่ซอน', '2015-02-10 17:52:35', 'work', 'N'),
	(327, 13, 'muy', '2015-02-10 16:30:00', '2015-02-10 17:00:00', 1800, 'ประชุมกฎของบริษัท', '2015-02-10 17:53:16', 'work', 'N'),
	(328, 8, 'muy', '2015-02-10 17:00:00', '2015-02-10 17:20:00', 1200, 'ทำรายงานอุปกรณ์ออฟฟิศ X3SK ส่งพี่ซอน(ต่อ)', '2015-02-10 17:54:03', 'work', 'N'),
	(329, 1, 'NanoK', '2015-02-11 08:00:00', '2015-02-11 12:01:29', 14489, 'เพิ่มผลรวมชั่วโมงทำงาน ตารางสรุปเวลาทำงาน', '2015-02-11 09:23:22', 'work', 'N'),
	(330, 11, 'obe', '2015-02-11 13:51:00', '2015-02-11 15:52:47', 7307, 'ios edit mode on table view', '2015-02-11 14:42:38', 'work', 'N'),
	(331, 3, 'mrsyrop', '2015-02-11 08:06:00', '2015-02-11 11:00:00', 10440, 'แก้และทดสอบฟังก์ชัน updateWallStatus', '2015-02-11 15:19:25', 'work', 'N'),
	(332, 3, 'mrsyrop', '2015-02-11 11:00:00', '2015-02-11 15:25:00', 15900, 'ประชุมเรื่องการปรับ เวอร์ชัน', '2015-02-11 15:20:49', 'work', 'N'),
	(333, 3, 'mrsyrop', '2015-02-11 15:31:00', '2015-02-11 16:46:32', 4532, 'แก้และทดสอบฟังก์ชัน updateWallStatus', '2015-02-11 15:22:02', 'work', 'N'),
	(334, 2, 'babudo', '2015-02-11 08:00:00', '2015-02-11 17:31:11', 34271, '- แก้ไข css/html หน้า profile ให้สามารถ responsive ได้ ////// แก้ไข css/html Quote ให้สามารถ responsive ได้', '2015-02-11 15:45:07', 'work', 'N'),
	(335, 2, 'manaeiei', '2015-02-11 08:30:00', '2015-02-11 21:47:10', 47830, 'ทำฟังก์ชัน comment on published idea post', '2015-02-11 16:34:25', 'work', 'N'),
	(336, 2, 'cherry', '2015-02-11 08:00:00', '2015-02-11 16:38:22', 31102, 'ดั้มดาต้าเบส หุ้น   ทำตัวเซอวิสค้นหาสำหรับกราฟ ตัวเซอวิสหุ้นสำหรับกราฟ   ', '2015-02-11 16:38:07', 'work', 'N'),
	(337, 2, 'cherry', '2015-02-11 13:00:00', '2015-02-11 17:40:02', 16802, 'ทำตัวเซอวิสคอนฟิกสำหรับกราฟ  ทำตัวเซอวิสประวัติหุ้นสำหรับทำกราฟ', '2015-02-11 16:39:39', 'work', 'N'),
	(338, 3, 'mrsyrop', '2015-02-11 16:55:00', '2015-02-11 16:53:31', -89, 'ตรวจเช็คเซิฟเวอร์', '2015-02-11 16:47:13', 'work', 'N'),
	(339, 2, 'babudo', '2015-02-10 08:00:00', '2015-02-11 12:00:00', 100800, 'ตัด css/html หน้า chart', '2015-02-11 16:59:59', 'work', 'Y'),
	(340, 2, 'babudo', '2015-02-09 08:00:00', '2015-02-11 12:00:00', 187200, 'ตัด css/html หน้า chart', '2015-02-11 17:01:43', 'work', 'Y'),
	(341, 2, 'babudo', '2015-02-09 08:00:00', '2015-02-09 12:00:00', 14400, 'ตัด css/html หน้า chart', '2015-02-11 17:03:12', 'work', 'N'),
	(342, 2, 'babudo', '2015-02-09 13:00:00', '2015-02-09 18:00:00', 18000, 'ตัด css/html หน้า chart', '2015-02-11 17:04:30', 'work', 'N'),
	(343, 0, 'indpendents', '2015-02-11 08:00:00', '2015-02-11 18:00:00', 36000, 'ลาพักร้อน', '2015-02-11 17:05:52', 'leave', 'N'),
	(344, 3, 'heetee', '2015-02-11 08:00:00', '2015-02-11 09:00:00', 3600, 'ประกาศรางวัลกิจกรรมใน Ssporting.com โดยการคัดเลือกคอมเม้นคู่บอลที่โดนใจแอดมิน', '2015-02-11 17:19:16', 'work', 'N'),
	(345, 3, 'heetee', '2015-02-11 09:00:00', '2015-02-11 10:00:00', 3600, 'สร้างกิจกรรมคู่บอลใน Ssporting.com โดยเลือกคู่บอลคู่ใหญ่มาโพสในเว็บ และเพส', '2015-02-11 17:20:01', 'work', 'N'),
	(346, 2, 'demonixz', '2015-02-11 08:30:00', '2015-02-11 10:00:00', 5400, 'ย่อรูปกราฟหลายขนาด', '2015-02-11 17:24:58', 'work', 'N'),
	(347, 2, 'demonixz', '2015-02-11 10:00:00', '2015-02-11 10:20:00', 1200, 'ติดต่อเรื่องแผนการเข้าติดตั้งอุปกรณ์เราเตอร์', '2015-02-11 17:27:08', 'work', 'N'),
	(348, 2, 'demonixz', '2015-02-11 10:20:00', '2015-02-11 12:00:00', 6000, 'ปรับค่าเครื่องเซิร์ฟเวอร์เพิ่มเติม', '2015-02-11 17:28:38', 'work', 'N'),
	(349, 2, 'Muraz', '2015-02-11 09:00:00', '2015-02-11 17:30:34', 30634, 'Test [Function Save()]', '2015-02-11 17:29:19', 'work', 'N'),
	(350, 3, 'แอมมี่', '2015-02-11 08:00:00', '2015-02-11 17:32:42', 34362, 'ตรวจสอบผลฟุตอบอลเมื่่อคืน/ตารางบอล/แก้UIคลิ๊ก drop down/Test Ssporting/ออกแบบหน้า bidschart หน้าดูกราฟ/คลิ๊ก drop down ของหน้าการแสดงผลของหุ้น', '2015-02-11 17:30:54', 'work', 'N'),
	(351, 2, 'แอมมี่', '2015-02-11 13:00:00', '2015-02-11 17:33:40', 16420, 'แก้ไขหน้า คลิ๊ก drop down ของหน้าการแสดงผลของหุ้น แล้วส่งให้พี่ตั้มดูรายละเอียด', '2015-02-11 17:31:55', 'work', 'Y'),
	(352, 3, 'heetee', '2015-02-11 10:00:00', '2015-02-11 12:00:00', 7200, 'หาข้อมูลข่าวสารเกี่ยวกับฟุตบอล จากเว็บไซต์กีฬา Twitter Vine และเพสเฟสบุ๊กกีฬาทั้งในประเทศและต่างประเทศ เพื่อโพสในเพสเฟสบุ๊กและในเว็บ Ssporting.com', '2015-02-11 17:36:39', 'work', 'N'),
	(353, 3, 'heetee', '2015-02-11 13:00:00', '2015-02-11 15:00:00', 7200, 'คิดมุขเกรียนเพื่อโพสในเพสเฟสบุ๊ก', '2015-02-11 17:37:09', 'work', 'N'),
	(354, 3, 'heetee', '2015-02-11 15:00:00', '2015-02-11 16:30:00', 5400, 'หาคู่บอลทีเด็ด และบอลสเตป เพื่อโพสในเพสเฟสบุ๊กและเว็บ Ssporting.com(ทีเด็ดโพสเวลา 16:00 น. /บอลสเตป 16:30 น.)', '2015-02-11 17:37:56', 'work', 'N'),
	(355, 3, 'heetee', '2015-02-11 16:30:00', '2015-02-11 18:00:00', 5400, 'สร้างกระแสในเว็บ Ssporting.com โดยใช้ User อวตาน', '2015-02-11 17:38:53', 'work', 'N'),
	(356, 9, 'obe', '2015-02-11 17:18:00', '2015-02-11 17:39:57', 1317, 'กวาด ถูพื้น', '2015-02-11 17:39:54', 'work', 'N'),
	(357, 3, 'xsorust', '2015-02-11 08:00:00', '2015-02-11 17:40:44', 34844, 'อัพเดทข่าวคราวความเคลื่อนไหว เกี่ยวกับฟุตบอล 39 ข่าว , อัพบอร์ดรูปบอร์ดเซ็กซี่ฟุตบอล 2 ครั้ง เล่นเกมส์ทายผลบอล+แสดงทรรศนะ 20 ครั้ง จัดทำวิเคราะห์ก่อนเกมคู่ Chelsea vs Everton แล้วอัพขึ้นบอร์ด 1 ครั้ง อัพไฮไลท์คู่บอล 2 คลิป ไอไลท์ฟุตบอล 2 คลิป อัพบอร์ด 3 ครั้ง', '2015-02-11 17:40:28', 'work', 'N'),
	(358, 2, 'Bim', '2015-02-11 08:00:00', '2015-02-11 17:41:29', 34889, 'แก้ใขเลเอาท์หลักใหม่/ทำเลเอาท์ Widget ด้านขวามือ Tab+watchlist/economic calendar/volume leader/chat/ทำหน้ารายละเอียดข่าว/เพิ่มเมนู stock', '2015-02-11 17:41:17', 'work', 'N'),
	(359, 10, 'boy', '2015-02-11 08:20:00', NULL, NULL, 'จัดการ Admob โฆษณษาแอพ มันไม่แสดง (ยังไม่เสร็จ)', '2015-02-11 17:42:09', 'work', 'N'),
	(360, 2, 'demonixz', '2015-02-11 13:30:00', '2015-02-11 14:00:00', 1800, 'ช่วยเชอรี่ปรับค่าให้สามารถรับเฉพาะคอนโทรลเลอร์ได้', '2015-02-11 17:42:48', 'work', 'N'),
	(361, 2, 'demonixz', '2015-02-11 15:00:00', '2015-02-11 15:30:00', 1800, 'ช่วยเชอรี่ค้นหาปัญหาการเรียก /config', '2015-02-11 17:46:49', 'work', 'N'),
	(362, 2, 'demonixz', '2015-02-11 15:30:00', '2015-02-11 16:30:00', 3600, 'ศึกษา tradingview lib เวอร์ชั่นล่าสุด', '2015-02-11 17:49:42', 'work', 'N'),
	(363, 9, 'แอมมี่', '2015-02-11 17:32:00', '2015-02-11 17:51:07', 1147, 'ล้างห้องน้ำ', '2015-02-11 17:51:00', 'work', 'N'),
	(364, 2, 'demonixz', '2015-02-11 16:30:00', '2015-02-11 17:30:00', 3600, 'ปรับการรับส่งค่าส่วนการบันทึกรูปกราฟและการลดขนาดภาพ', '2015-02-11 17:51:03', 'work', 'N'),
	(365, 10, 'muy', '2015-02-11 08:00:00', '2015-02-11 09:00:00', 3600, 'อัพข่าว', '2015-02-11 18:05:04', 'work', 'N'),
	(366, 2, 'muy', '2015-02-11 09:00:00', '2015-02-11 12:00:00', 10800, 'เขียนบทความหุ้น', '2015-02-11 18:06:01', 'work', 'N'),
	(367, 2, 'muy', '2015-02-11 13:00:00', '2015-02-11 18:06:42', 18402, 'เขียนบทความหุ้น', '2015-02-11 18:06:39', 'work', 'N'),
	(368, 3, 'wutthikorn', '2015-02-11 09:00:00', '2015-02-13 16:44:03', 200643, 'ทำหน้า inbox ส่วน Notification', '2015-02-11 19:52:02', 'work', 'N'),
	(369, 3, 'wutthikorn', '2015-02-11 13:07:00', '2015-02-13 11:10:40', 165820, 'แก้ไขหน้าเล่นเกมไม่ให้เล่นซ้ำ', '2015-02-11 19:54:34', 'work', 'N'),
	(370, 2, 'manaeiei', '2015-02-11 13:00:00', '2015-02-11 21:48:12', 31692, 'แก้ bug หน้า profile', '2015-02-11 21:48:08', 'work', 'N'),
	(371, 3, 'แอมมี่', '2015-02-12 08:00:00', '2015-02-12 09:30:00', 5400, 'ตรวจสอบผลฟุตอบอลเมื่่อคืน ตอบคำถาม User พร้อมติดตามข่าวสารเกี่ยวกับฟุตบอล', '2015-02-12 08:43:44', 'work', 'N'),
	(372, 2, 'Bim', '2015-02-12 08:00:00', '2015-02-12 12:00:00', 14400, 'ตัดหน้ารายละเอียดข่าวหน้าใน', '2015-02-12 09:03:08', 'work', 'N'),
	(373, 2, 'babudo', '2015-02-12 08:00:00', '2015-02-12 10:20:00', 8400, 'แก้ไข css/html tab Quote ด้านบน', '2015-02-12 09:47:00', 'work', 'N'),
	(374, 2, 'babudo', '2015-02-12 10:20:00', '2015-02-12 12:00:00', 6000, 'แก้ไข css/html หน้า profile //// สร้าง ตัว loading ', '2015-02-12 09:50:52', 'work', 'N'),
	(375, 11, 'obe', '2015-02-12 09:19:00', '2015-02-12 11:11:58', 6778, 'ios  ฟังก์ชันเพิ่ม แก้ไข ลบ ข้อมูลในฐานข้อมูล', '2015-02-12 11:11:52', 'work', 'N'),
	(376, 2, 'Bim', '2015-02-12 13:00:00', '2015-02-12 15:41:00', 9660, 'ตัดส่วน dropdown publish ideas, จัดเลเอาท์', '2015-02-12 11:16:50', 'work', 'N'),
	(377, 0, 'wutthikorn', '2015-02-12 08:00:00', '2015-02-12 18:00:00', 36000, 'ลาพักร้อน', '2015-02-12 12:40:31', 'leave', 'N'),
	(378, 0, 'heetee', '2015-02-09 08:00:00', '2015-02-12 18:00:00', 295200, 'ลาป่วย', '2015-02-12 12:42:08', 'leave', 'Y'),
	(379, 0, 'heetee', '2015-02-09 08:00:00', '2015-02-09 18:00:00', 36000, 'ลาป่วย (ปวดหัวและมีไข้ขึ้น)', '2015-02-12 12:44:08', 'leave', 'N'),
	(380, 2, 'boy', '2015-02-06 08:30:00', '2015-02-06 12:00:00', 12600, 'ทำแอพฯหุ้น หน้า algoUiView จัดการเพิ่มลบ set', '2015-02-12 12:47:02', 'work', 'N'),
	(381, 2, 'boy', '2015-02-06 13:00:00', '2015-02-06 17:30:00', 16200, 'ทำแอพฯหุ้น หน้า algoUiView จัดการเพิ่มลบ set (เสร็จแล้ว)', '2015-02-12 12:48:16', 'work', 'N'),
	(382, 9, 'boy', '2015-02-06 17:30:00', '2015-02-06 18:00:00', 1800, 'ทำความสะอาด', '2015-02-12 12:49:32', 'work', 'N'),
	(383, 2, 'boy', '2015-02-09 08:20:00', '2015-02-09 12:00:00', 13200, 'ทำแอพฯหุ้น หน้า Login', '2015-02-12 12:51:00', 'work', 'N'),
	(384, 2, 'boy', '2015-02-09 13:00:00', '2015-02-09 17:50:00', 17400, 'ทำแอพฯหุ้น หน้า Login (เสร็จแล้ว)', '2015-02-12 12:53:03', 'work', 'N'),
	(385, 2, 'Muraz', '2015-02-12 08:40:00', '2015-02-12 12:54:53', 15293, 'Update Chart [Real Data(SET)]', '2015-02-12 12:54:47', 'work', 'N'),
	(386, 0, 'cherry', '2015-02-02 08:00:00', '2015-02-02 18:00:00', 36000, 'ลาพักร้อน', '2015-02-12 12:55:42', 'leave', 'N'),
	(387, 2, 'Muraz', '2015-02-12 13:05:00', '2015-02-12 17:40:46', 16546, 'Update Chart [Save()]', '2015-02-12 12:56:39', 'work', 'N'),
	(388, 0, 'obe', '2015-02-02 08:00:00', '2015-02-02 18:00:00', 36000, 'ลาพักร้อน', '2015-02-12 12:56:46', 'leave', 'N'),
	(389, 0, 'muy', '2015-02-02 08:00:00', '2015-02-02 18:00:00', 36000, 'ลาป่วย (อาหารเป็นพิษ มีอาการอาเจียนและท้องเสีย', '2015-02-12 12:58:14', 'leave', 'N'),
	(390, 2, 'indpendents', '2015-02-12 09:00:00', '2015-02-12 13:00:39', 14439, 'ดูเซอร์วิสให้เกมกับดูระบบโดยรวม', '2015-02-12 13:00:09', 'work', 'N'),
	(391, 0, 'Muraz', '2015-02-05 08:00:00', '2015-02-05 18:00:00', 36000, 'ลาป่วย (เจ็บคอ ไอหนัก น้ำมูกไหล)', '2015-02-12 13:01:03', 'leave', 'N'),
	(392, 2, 'indpendents', '2015-02-12 13:00:00', '2015-02-12 15:41:53', 9713, 'ประชุมโปรเจ็ก', '2015-02-12 13:01:18', 'work', 'N'),
	(393, 0, 'wutthikorn', '2015-02-05 08:00:00', '2015-02-05 18:00:00', 36000, 'ลาป่วย (เวียนหัว  เพลีย นอนไม่พอ)', '2015-02-12 13:03:23', 'leave', 'N'),
	(394, 3, 'heetee', '2015-02-12 08:00:00', '2015-02-12 09:00:00', 3600, 'ประกาศรางวัลกิจกรรมใน Ssporting.com โดยการคัดเลือกคอมเม้นคู่บอลที่โดนใจแอดมิน', '2015-02-12 13:04:48', 'work', 'N'),
	(395, 3, 'heetee', '2015-02-12 09:00:00', '2015-02-12 10:00:00', 3600, 'สร้างกิจกรรมคู่บอลใน Ssporting.com โดยเลือกคู่บอลคู่ใหญ่มาโพสในเว็บ และเพส', '2015-02-12 13:05:13', 'work', 'N'),
	(396, 0, 'manaeiei', '2015-02-09 08:00:00', '2015-02-09 18:00:00', 36000, 'ลาป่วย (ไข้หวัด เจ็บคอ มีน้ำมูก มีไข้)', '2015-02-12 13:05:18', 'leave', 'N'),
	(397, 3, 'heetee', '2015-02-12 10:00:00', '2015-02-12 12:15:00', 8100, 'หาข้อมูลข่าวสารเกี่ยวกับฟุตบอล จากเว็บไซต์กีฬา Twitter Vine และเพสเฟสบุ๊กกีฬาทั้งในประเทศและต่างประเทศ เพื่อโพสในเพสเฟสบุ๊กและในเว็บ Ssporting.com', '2015-02-12 13:05:40', 'work', 'N'),
	(398, 0, 'boy', '2015-02-19 08:00:00', '2015-03-05 18:00:00', 1245600, 'ลาบวช', '2015-02-12 13:08:28', 'leave', 'Y'),
	(399, 3, 'xsorust', '2015-02-12 08:00:00', '2015-02-12 12:00:00', 14400, 'อัพเดทข่าวคราวความเคลื่อนไหว เกี่ยวกับฟุตบอล 17ข่าว , อัพบอร์ดรูปบอร์ดเซ็กซี่ฟุตบอล 1 ครั้ง หาและอัพคลิปที่น่าสนใจในวงการฟุตบอล 2 คลิป เล่นเกมส์ทายผลบอล+แสดงทรรศนะ 3 ครั้ง  ไฮไลท์คู่บอล 2 คลิป', '2015-02-12 13:11:07', 'work', 'N'),
	(400, 0, 'indpendents', '2015-02-18 08:00:00', '2015-02-18 18:00:00', 36000, 'ลาพักร้อน', '2015-02-12 13:19:06', 'leave', 'Y'),
	(401, 14, 'Muraz', '2015-02-26 08:00:00', '2015-02-26 18:00:00', 36000, 'เตรียมพิธีแต่งงาน', '2015-02-12 13:22:42', 'leave', 'Y'),
	(402, 0, 'Muraz', '2015-02-27 08:00:00', '2015-02-27 18:00:00', 36000, 'เตรียมพิธีแต่งงาน', '2015-02-12 13:23:35', 'leave', 'Y'),
	(403, 0, 'Muraz', '2015-03-02 08:00:00', '2015-03-02 18:00:00', 36000, 'พักร้อน', '2015-02-12 13:24:32', 'leave', 'N'),
	(404, 3, 'heetee', '2015-02-12 13:00:00', '2015-02-12 15:30:00', 9000, 'หาข้อมูลและสถิติต่างๆของฟุตบอลเพื่อโพสในเพสเฟสบุ๊ก', '2015-02-12 15:33:00', 'work', 'N'),
	(405, 3, 'heetee', '2015-02-12 15:30:00', '2015-02-12 16:56:04', 5164, 'หาคู่บอลทีเด็ด และบอลสเตป เพื่อโพสในเพสเฟสบุ๊กและเว็บ Ssporting.com(ทีเด็ดโพสเวลา 16:00 น. /บอลสเตป 16:30 น.)', '2015-02-12 15:33:40', 'work', 'N'),
	(406, 2, 'obe', '2015-02-12 13:44:00', '2015-02-12 15:43:41', 7181, 'ประชุม', '2015-02-12 15:43:35', 'work', 'N'),
	(407, 2, 'manaeiei', '2015-02-12 09:30:00', '2015-02-12 12:00:00', 9000, 'rewrite ระบบ authentication', '2015-02-12 16:05:08', 'work', 'N'),
	(408, 2, 'demonixz', '2015-02-12 14:00:00', '2015-02-12 15:59:00', 7140, 'ประชุม', '2015-02-12 16:05:58', 'work', 'N'),
	(409, 2, 'manaeiei', '2015-02-12 14:00:00', '2015-02-12 15:59:00', 7140, 'ประชุม', '2015-02-12 16:06:05', 'work', 'N'),
	(410, 2, 'manaeiei', '2015-02-12 16:15:00', '2015-02-12 17:00:00', 2700, 'สมัคร click2win', '2015-02-12 16:06:50', 'work', 'N'),
	(411, 3, 'mrsyrop', '2015-02-12 08:06:00', '2015-02-12 10:10:00', 7440, 'แก้และทดสอบฟังก์ชัน updateWallStatus', '2015-02-12 16:07:47', 'work', 'N'),
	(412, 2, 'demonixz', '2015-02-12 16:00:00', '2015-02-12 16:15:00', 900, 'ประสานงานแผนการติดตั้งอุปกรณ์ router เพื่อเชื่อม vpn ของ SET', '2015-02-12 16:08:57', 'work', 'N'),
	(413, 3, 'mrsyrop', '2015-02-12 10:10:00', '2015-02-12 12:00:00', 6600, 'แก้เซอร์วิสที่ทำให้แอพฯ ฝั่งโมบายเด้ง', '2015-02-12 16:08:59', 'work', 'N'),
	(414, 2, 'demonixz', '2015-02-12 09:00:00', '2015-02-12 12:00:00', 10800, 'ช่วยเรื่องเทคนิค บูม/อู๋', '2015-02-12 16:10:48', 'work', 'N'),
	(415, 2, 'demonixz', '2015-02-12 13:00:00', '2015-02-12 13:30:00', 1800, 'ปรับปรุงการใช้งานร่วมกันของการบันทึกรูป และ chart', '2015-02-12 16:12:32', 'work', 'N'),
	(416, 3, 'heetee', '2015-02-12 16:56:00', '2015-02-12 17:45:00', 2940, 'สร้างกระแสในเว็บ Ssporting.com โดยใช้ User อวตาน', '2015-02-12 16:57:30', 'work', 'N'),
	(417, 2, 'cherry', '2015-02-12 08:00:00', '2015-02-12 12:00:00', 14400, 'ทำตัวเซอวิสสำหรับพอสกราฟ', '2015-02-12 16:59:37', 'work', 'N'),
	(418, 2, 'cherry', '2015-02-12 13:00:00', '2015-02-12 14:00:00', 3600, 'ทำตัวเซอวิสสำหรับพอสกราฟ', '2015-02-12 17:00:19', 'work', 'N'),
	(419, 2, 'cherry', '2015-02-12 14:00:00', '2015-02-12 16:00:00', 7200, 'ประชุม', '2015-02-12 17:00:44', 'work', 'N'),
	(420, 2, 'cherry', '2015-02-12 16:00:00', '2015-02-12 17:40:00', 6000, 'ทำตัวดาต้าเบส เก็บข้อมูลสำหรับกราฟ  ทำเซอวิสตอบกลับคอมเม้น ทำเซอวิสตัวตอบกลับไปพร้อมกับตัวเซอวิสคอมเม้น', '2015-02-12 17:02:31', 'work', 'N'),
	(421, 9, 'cherry', '2015-02-12 17:41:00', '2015-02-12 18:00:00', 1140, 'เช็ดกระจก', '2015-02-12 17:03:27', 'work', 'N'),
	(422, 3, 'แอมมี่', '2015-02-12 09:30:00', '2015-02-12 10:30:00', 3600, 'เช็คโปรแกรมการแข่งขันของวันนี้ พร้อมตรวจสอบเวลาแข่ง ช่องทอดการแข่งขัน พร้อมติดตามข่าวสารเกี่ยวกับฟุตบอล', '2015-02-12 17:04:53', 'work', 'N'),
	(423, 3, 'แอมมี่', '2015-02-12 10:30:00', '2015-02-12 12:00:00', 5400, 'มุกตลก เชื่อใจบอส แมนยู', '2015-02-12 17:05:40', 'work', 'N'),
	(424, 9, 'heetee', '2015-02-12 17:45:00', '2015-02-12 18:00:00', 900, 'กวาดอ๊อฟฟิต', '2015-02-12 17:05:51', 'work', 'N'),
	(425, 2, 'แอมมี่', '2015-02-12 13:00:00', '2015-02-12 16:00:00', 10800, 'ประชุมโปรเจคหุ้น', '2015-02-12 17:06:41', 'work', 'N'),
	(426, 10, 'boy', '2015-02-12 08:35:00', '2015-02-12 12:00:00', 12300, 'new project ลองใส่โฆษณาใหม่ *ติดปัญหากับชื่อ package', '2015-02-12 17:07:09', 'work', 'N'),
	(427, 2, 'boy', '2015-02-12 14:00:00', '2015-02-12 16:00:00', 7200, 'ประชุมหุ้น', '2015-02-12 17:07:57', 'work', 'N'),
	(428, 2, 'แอมมี่', '2015-02-12 16:00:00', '2015-02-12 17:30:00', 5400, 'สมัคร click2win และศึกษาวิธีเล่นหุ้น', '2015-02-12 17:08:20', 'work', 'N'),
	(429, 13, 'Bim', '2015-02-12 15:41:00', '2015-02-12 16:00:00', 1140, 'ประชุมโปรเจค หุ้น', '2015-02-12 17:08:43', 'work', 'N'),
	(430, 3, 'แอมมี่', '2015-02-12 17:30:00', '2015-02-12 18:00:00', 1800, 'เล่นเกมส์ทายผลบอล ', '2015-02-12 17:08:58', 'work', 'N'),
	(431, 1, 'NanoK', '2015-02-12 08:00:00', '2015-02-12 12:00:00', 14400, 'จัดหน้า รายการงานทั้งหมด', '2015-02-12 17:09:43', 'work', 'N'),
	(432, 1, 'NanoK', '2015-02-12 13:00:00', '2015-02-12 18:00:00', 18000, 'ทำส่วนค้นหา วันนี้ เมื่อวาน สัปดาห์นี้', '2015-02-12 17:10:28', 'work', 'N'),
	(433, 2, 'boy', '2015-02-12 16:20:00', '2015-02-12 17:20:00', 3600, 'สมัคร click2win ดูรายละเอียด', '2015-02-12 17:10:58', 'work', 'N'),
	(434, 2, 'Bim', '2015-02-12 16:00:00', '2015-02-12 18:00:00', 7200, 'ตัดหน้าแก้ใขส่วนข้อมูลหุ้น (ส่วนที่คลิกขยาย หุบ) ใหม่', '2015-02-12 17:14:24', 'work', 'N'),
	(435, 11, 'obe', '2015-02-12 16:00:00', '2015-02-12 17:15:55', 4555, 'ios จัดเค้าโครงอัตโนมัติใน XCode สำหรับ iOS 7 และ 8', '2015-02-12 17:15:50', 'work', 'N'),
	(436, 5, 'babudo', '2015-02-12 13:00:00', '2015-02-12 18:00:00', 18000, 'kamacap :  ติดตั้ง wordpress /// ออกแบบ layout /// ทำโลโก้วงกลม ///', '2015-02-12 17:17:18', 'work', 'N'),
	(437, 3, 'xsorust', '2015-02-12 13:00:00', '2015-02-12 17:35:00', 16500, 'อัพเดทข่าวคราวความเคลื่อนไหว เกี่ยวกับฟุตบอล 33ข่าว , อัพบอร์ดรูปบอร์ดเซ็กซี่ฟุตบอล 1 ครั้ง หาและอัพคลิปที่น่าสนใจในวงการฟุตบอล 1 คลิป เล่นเกมส์ทายผลบอล+แสดงทรรศนะ 12 ครั้ง อัพบอร์ด 3 ครั้ง', '2015-02-12 17:25:31', 'work', 'N'),
	(438, 9, 'xsorust', '2015-02-12 17:35:00', '2015-02-12 18:00:00', 1500, 'กวาดออฟฟิศชั้น 2', '2015-02-12 17:26:06', 'work', 'N'),
	(439, 2, 'demonixz', '2015-02-12 17:30:00', '2015-02-12 17:37:00', 420, 'ประสานงานแผนการติดตั้งอุปกรณ์ router เพื่อเชื่อม vpn ของ SET', '2015-02-12 17:30:32', 'work', 'N'),
	(440, 2, 'indpendents', '2015-02-12 15:41:00', '2015-02-12 18:00:00', 8340, 'ศึกษาหาข้อมูล SET,SET50,SET100,SETHD และส่วนประกอบเพื่อใช้ทำเซอร์วิส', '2015-02-12 17:41:41', 'work', 'N'),
	(441, 3, 'mrsyrop', '2015-02-12 13:00:00', '2015-02-12 18:00:00', 18000, 'ตรวจเช็คโค้ด', '2015-02-12 17:44:34', 'work', 'N'),
	(442, 2, 'demonixz', '2015-02-12 17:45:00', '2015-02-12 17:58:00', 780, 'ประสานงานแผนการติดตั้งอุปกรณ์ router เพื่อเชื่อม vpn ของ SET', '2015-02-12 17:49:12', 'work', 'N'),
	(443, 10, 'muy', '2015-02-12 08:00:00', '2015-02-12 09:00:00', 3600, 'อัพข่าว', '2015-02-12 17:57:19', 'work', 'N'),
	(444, 2, 'muy', '2015-02-12 09:00:00', '2015-02-12 12:00:00', 10800, 'เขียนบทความหุ้น', '2015-02-12 17:57:47', 'work', 'N'),
	(445, 2, 'muy', '2015-02-12 13:00:00', '2015-02-12 18:00:00', 18000, 'เขียนบทความหุ้น', '2015-02-12 17:58:14', 'work', 'N'),
	(446, 1, 'NanoK', '2015-02-13 08:00:00', '2015-02-13 09:30:00', 5400, 'ประชุมกับพี่ x', '2015-02-13 09:36:53', 'work', 'N'),
	(447, 5, 'babudo', '2015-02-13 08:00:00', '2015-02-13 11:20:00', 12000, 'ตัด layout ลง wordpress', '2015-02-13 11:10:52', 'work', 'N'),
	(448, 3, 'wutthikorn', '2015-02-13 09:00:00', '2015-02-13 11:18:00', 8280, 'ปรับรูปภาพหน้า timeline เต็มความกว้าง เทสหน้าเล่นเกม และอัพเดท android ssporting v.2', '2015-02-13 11:12:06', 'work', 'N'),
	(449, 2, 'babudo', '2015-02-13 11:20:00', '2015-02-13 12:00:00', 2400, 'แก้ไข css/html เมนูหน้า index //// ', '2015-02-13 11:52:43', 'work', 'N'),
	(450, 3, 'xsorust', '2015-02-13 08:00:00', '2015-02-13 12:00:00', 14400, 'อัพเดทข่าวคราวความเคลื่อนไหว เกี่ยวกับฟุตบอล 22ข่าว , อัพบอร์ดรูปบอร์ดเซ็กซี่ฟุตบอล 1 ครั้ง หาและอัพคลิปที่น่าสนใจในวงการฟุตบอล 2 คลิป เล่นเกมส์ทายผลบอล+แสดงทรรศนะ 12 ครั้ง อัพบอร์ด 1 ครั้ง', '2015-02-13 11:55:14', 'work', 'N'),
	(451, 2, 'indpendents', '2015-02-13 08:00:00', '2015-02-13 12:00:00', 14400, 'ข้อมูลย้อนหลังรายวันของ SET,SET50,SET100,SETHD,MAI และแยกตามอุสาหกรรมและเซ็กเตอร์', '2015-02-13 12:37:06', 'work', 'N'),
	(452, 0, 'Muraz', '2015-02-13 08:00:00', '2015-02-13 18:00:00', 36000, 'ลาป่วย (ปวดศรีษะ)', '2015-02-13 13:32:37', 'leave', 'N'),
	(453, 0, 'muy', '2015-02-09 13:00:00', '2015-02-13 18:00:00', 363600, 'ลาพักร้อน', '2015-02-13 14:21:30', 'leave', 'N'),
	(454, 2, 'obe', '2015-02-13 14:30:00', '2015-02-13 17:40:00', 11400, 'ios เริ่มโปรเจคตัวใหม่', '2015-02-13 14:35:31', 'work', 'N'),
	(455, 0, 'boy', '2015-02-19 08:00:00', '2015-03-11 18:00:00', 1764000, 'ลาบวช', '2015-02-13 14:35:39', 'leave', 'N'),
	(456, 2, 'manaeiei', '2015-02-13 09:00:00', '2015-02-13 12:00:00', 10800, 'reply on comment', '2015-02-13 16:40:57', 'work', 'N'),
	(457, 2, 'manaeiei', '2015-02-13 13:00:00', '2015-02-13 18:00:00', 18000, 'select and set default symbol สำหรับ graph ที่จะใช้ publish idea', '2015-02-13 16:41:53', 'work', 'N'),
	(458, 5, 'babudo', '2015-02-13 13:00:00', '2015-02-13 17:00:00', 14400, 'ตัด layout ลง wordpress', '2015-02-13 16:51:04', 'work', 'N'),
	(459, 3, 'heetee', '2015-02-13 08:00:00', '2015-02-13 09:00:00', 3600, 'ประกาศรางวัลกิจกรรมใน Ssporting.com โดยการคัดเลือกคอมเม้นคู่บอลที่โดนใจแอดมิน', '2015-02-13 17:24:09', 'work', 'N'),
	(460, 3, 'heetee', '2015-02-13 09:00:00', '2015-02-13 10:00:00', 3600, 'สร้างกิจกรรมคู่บอลใน Ssporting.com โดยเลือกคู่บอลคู่ใหญ่มาโพสในเว็บ และเพส', '2015-02-13 17:24:39', 'work', 'N'),
	(461, 3, 'heetee', '2015-02-13 10:00:00', '2015-02-13 12:00:00', 7200, 'หาข้อมูลข่าวสารเกี่ยวกับฟุตบอล จากเว็บไซต์กีฬา Twitter Vine และเพสเฟสบุ๊กกีฬาทั้งในประเทศและต่างประเทศ เพื่อโพสในเพสเฟสบุ๊กและในเว็บ Ssporting.com', '2015-02-13 17:25:08', 'work', 'N'),
	(462, 3, 'heetee', '2015-02-13 13:00:00', '2015-02-13 14:00:00', 3600, 'ทำโพสประกาศรายชื่อ User ทีสามารถแลกเสื้อกีฬาได้', '2015-02-13 17:26:35', 'work', 'N'),
	(463, 3, 'heetee', '2015-02-13 14:00:00', '2015-02-13 17:00:00', 10800, 'หาคู่บอลทีเด็ด และบอลสเตป เพื่อโพสในเพสเฟสบุ๊กและเว็บ Ssporting.com(ทีเด็ดโพสเวลา 16:00 น. /บอลสเตป 16:30 น.) และทำงานเพื่อวันเสาร์-อาทิตย์', '2015-02-13 17:28:02', 'work', 'N'),
	(464, 3, 'heetee', '2015-02-13 17:00:00', '2015-02-13 18:00:00', 3600, 'สร้างกระแสในเว็บ Ssporting.com โดยใช้ User อวตาน', '2015-02-13 17:28:27', 'work', 'N'),
	(465, 2, 'cherry', '2015-02-13 08:00:00', '2015-02-13 12:00:00', 14400, 'ทำเซอวิสสำหรับโพสกราฟ  ตรวจดูดาต้าในการแสดงกราฟ (ดาด้าไม่ถูกต้อง พี่ตั้ม)', '2015-02-13 17:36:08', 'work', 'N'),
	(466, 2, 'cherry', '2015-02-13 13:00:00', '2015-02-13 17:40:00', 16800, 'ทำตัวเซอเวิส นับการกดถูกใจ  แล้วบักทึกไปในดาต้าเบสของ ตารางยูสเซอ ตารางถูกใจ ตารางคอมเม้น', '2015-02-13 17:37:23', 'work', 'N'),
	(467, 9, 'cherry', '2015-02-13 17:40:00', '2015-02-13 18:04:00', 1440, 'เช็ดกระจก ทำความสะอาดโต๊ะ', '2015-02-13 17:37:58', 'work', 'N'),
	(468, 3, 'xsorust', '2015-02-13 13:00:00', '2015-02-13 18:00:00', 18000, 'อัพเดทข่าวคราวความเคลื่อนไหว เกี่ยวกับฟุตบอล 28 ข่าว , อัพบอร์ดรูปบอร์ดเซ็กซี่ฟุตบอล 1 ครั้ง เล่นเกมส์ทายผลบอล+แสดงทรรศนะ 8 ครั้ง จัดทำวิเคราะห์ก่อนเกมคู่ Crystal Palace vs Liverpool แล้วอัพขึ้นบอร์ด 1 ครั้ง ไอไลท์ฟุตบอล 2 คลิป ', '2015-02-13 17:44:12', 'work', 'N'),
	(469, 3, 'demonixz', '2015-02-13 08:30:00', '2015-02-13 15:00:00', 23400, 'ลองปรับคอนฟิกหลาย ๆ แบบเพื่อเพิ่มประสิทธิภาพเซิร์ฟเวอร์', '2015-02-13 17:45:10', 'work', 'N'),
	(470, 3, 'wutthikorn', '2015-02-13 17:00:00', '2015-02-13 17:55:00', 3300, 'สร้างหน้าตอบข้อความ', '2015-02-13 17:46:48', 'work', 'N'),
	(471, 2, 'muy', '2015-02-13 08:00:00', '2015-02-13 12:00:00', 14400, 'เขียนบทความหุ้น 2 บทความ 1.การวิเคราะกราฟแนวเทคนิค "แท่งเทียน" 2.การวิเคราะกราฟแนวเทคนิค "แนวรับ - แนวต้าน"', '2015-02-13 17:46:51', 'work', 'N'),
	(472, 2, 'demonixz', '2015-02-13 15:00:00', '2015-02-13 15:30:00', 1800, 'ประสานงานแผนการติดตั้งอุปกรณ์ router เพื่อเชื่อม vpn ของ SET', '2015-02-13 17:46:51', 'work', 'N'),
	(473, 3, 'demonixz', '2015-02-13 14:00:00', '2015-02-13 17:50:00', 13800, 'ปรับเทคนิคการเรียกใช้งาน api ของหน้าเว็บ เพื่อเพิ่มความเร็ว', '2015-02-13 17:47:51', 'work', 'N'),
	(474, 2, 'muy', '2015-02-13 13:00:00', '2015-02-13 17:00:00', 14400, 'เขียนบทความหุ้น 3 บทความ 1.การวิเคราะกราฟแนวเทคนิค "เส้นค่าเฉลี่ยเคลื่อนที่" 2.การวิเคราะกราฟแนวเทคนิค "STOCHASTIC" 3.การวิเคราะกราฟแนวเทคนิค "RSI(Relative Strength Index)"', '2015-02-13 17:48:42', 'work', 'N'),
	(475, 3, 'mrsyrop', '2015-02-13 08:08:00', '2015-02-13 12:00:00', 13920, 'แก้บั๊คโหลดกระทู้เกมส์ทายผลบอล', '2015-02-13 17:49:24', 'work', 'N'),
	(476, 10, 'muy', '2015-02-13 17:00:00', '2015-02-13 18:00:00', 3600, 'อัพข่าว 2 ข่าว และ อัพทีเด็ด 3 ทีเด็ด', '2015-02-13 17:50:44', 'work', 'N'),
	(477, 3, 'mrsyrop', '2015-02-13 13:00:00', '2015-02-13 18:00:00', 18000, 'ปรับหน้าแสดงผลหลังบ้าน', '2015-02-13 17:50:59', 'work', 'N'),
	(478, 5, 'muy', '2015-02-13 18:00:00', '2015-02-13 09:00:00', -32400, '......', '2015-02-13 17:51:06', 'work', 'Y'),
	(479, 2, 'Bim', '2015-02-13 08:00:00', '2015-02-13 11:00:00', 10800, 'ตัดหน้าแก้ใขส่วนข้อมูลหุ้น (ส่วนที่คลิกขยาย หุบ) ต่อ + แก้ส่วนslide Select Symbol ให้มานะ', '2015-02-13 17:57:46', 'work', 'N'),
	(480, 3, 'แอมมี่', '2015-02-13 08:00:00', '2015-02-13 09:30:00', 5400, 'ตรวจสอบผลฟุตอบอลเมื่่อคืน ตอบคำถาม User พร้อมติดตามข่าวสารเกี่ยวกับฟุตบอล', '2015-02-13 17:57:47', 'work', 'N'),
	(481, 3, 'แอมมี่', '2015-02-13 09:30:00', '2015-02-13 11:00:00', 5400, 'เช็คโปรแกรมการแข่งขันของวันนี้ พร้อมตรวจสอบเวลาแข่ง ช่องทอดการแข่งขัน พร้อมติดตามข่าวสารเกี่ยวกับฟุตบอล', '2015-02-13 17:58:28', 'work', 'N'),
	(482, 2, 'Bim', '2015-02-13 11:00:00', '2015-02-13 12:00:00', 3600, 'ประชุมโปรเจค หุ้นเรื่องเลเอาท์', '2015-02-13 17:58:32', 'work', 'N'),
	(483, 2, 'boy', '2015-02-13 14:00:00', '2015-02-13 15:00:00', 3600, 'ประชุม', '2015-02-13 17:58:45', 'work', 'N'),
	(484, 2, 'Bim', '2015-02-13 13:00:00', '2015-02-13 14:20:00', 4800, 'ตัดด้านขวา เมนูแทบ  PM, notifiacation', '2015-02-13 17:59:25', 'work', 'N'),
	(485, 2, 'แอมมี่', '2015-02-13 11:00:00', '2015-02-13 12:00:00', 3600, 'ประชุมโปรเจคหุ้น ปรับหน้าใหม่', '2015-02-13 18:00:03', 'work', 'N'),
	(486, 2, 'Bim', '2015-02-13 14:20:00', '2015-02-13 16:30:00', 7800, 'ตัดเลเอาท์หน้า ideas เพิ่ม ด้่านบน + ด้านขวาIndecator', '2015-02-13 18:00:21', 'work', 'N'),
	(487, 2, 'แอมมี่', '2015-02-13 13:00:00', '2015-02-13 15:30:00', 9000, 'แก้ไขหน้า คลิ๊ก drop down ของหน้าการแสดงผลของหุ้น ใหม่', '2015-02-13 18:00:39', 'work', 'N'),
	(488, 11, 'Bim', '2015-02-13 16:30:00', '2015-02-13 17:00:00', 1800, 'ศึกดู jqery sparkline สำหรับใส่กราฟ', '2015-02-13 18:01:20', 'work', 'N'),
	(489, 3, 'แอมมี่', '2015-02-13 15:30:00', '2015-02-13 16:30:00', 3600, 'เช็คโปรแกรมการแข่งขันของวันเสาร์ 14 กพ.58', '2015-02-13 18:02:55', 'work', 'N'),
	(490, 2, 'obe', '2015-02-13 13:00:00', '2015-02-13 14:00:00', 3600, 'ประชุม', '2015-02-13 18:03:24', 'work', 'N'),
	(491, 3, 'แอมมี่', '2015-02-13 16:30:00', '2015-02-13 18:00:00', 5400, 'เช็คโปรแกรมการแข่งขันของวันอาทิตย์ 15 กพ.58', '2015-02-13 18:03:26', 'work', 'N'),
	(492, 2, 'Bim', '2015-02-13 17:00:00', '2015-02-13 18:00:00', 3600, 'เรียกหน้า infoNews (หน้าที่ทำได้เกิดหายไป) ', '2015-02-13 18:04:19', 'work', 'N'),
	(493, 10, 'boy', '2015-02-13 08:30:00', '2015-02-13 12:00:00', 12600, 'ลง Tool ใหม่ update SDK', '2015-02-13 18:05:04', 'work', 'N'),
	(494, 1, 'NanoK', '2015-02-13 14:00:00', '2015-02-13 18:00:00', 14400, 'ทำตัวบันทึก วันลา ใหม่', '2015-02-13 18:06:00', 'work', 'N'),
	(495, 10, 'boy', '2015-02-13 15:00:00', '2015-02-13 18:20:00', 12000, 'แก้ไข ไฟล์ XML', '2015-02-13 18:08:12', 'work', 'N'),
	(496, 6, 'NanoK', '2015-02-13 19:30:00', '2015-02-13 21:32:48', 7368, 'ปรับหน้า รายงานสรุปยอดขาย(แจกแจงตามประเภทอาหารเเละพนักงาน)', '2015-02-13 19:40:08', 'work', 'N'),
	(497, 10, 'boy', '2015-02-14 00:15:00', '2015-02-14 02:30:00', 8100, 'อัพแอพที่สร้างใหม่เปลี่ยน package(โฆษณาแสดงได้) ใช้อันใหม่ ปิดการเผยแพร่อันเก่า', '2015-02-14 02:25:31', 'work', 'N'),
	(498, 1, 'NanoK', '2015-02-15 16:00:00', '2015-02-15 16:42:43', 2563, 'ทำตัวเช็ครูปการลาเเละใส่ Icon ใหม่', '2015-02-15 16:32:44', 'work', 'N'),
	(499, 2, 'obe', '2015-02-16 08:26:00', '2015-02-16 10:16:00', 6600, 'ios เริ่มโปรเจคตัวใหม่', '2015-02-16 08:17:56', 'work', 'N'),
	(500, 2, 'indpendents', '2015-02-16 09:00:00', '2015-02-16 12:00:00', 10800, 'ตัวรันเครียร์ข้อมูลย้อนหลังรายวัน', '2015-02-16 08:56:08', 'work', 'N'),
	(501, 10, 'obe', '2015-02-16 10:17:00', '2015-02-16 10:40:00', 1380, 'ios อัพเดตรหัสโฆษณา', '2015-02-16 10:07:49', 'work', 'N'),
	(502, 2, 'obe', '2015-02-16 10:40:00', NULL, NULL, 'ios เริ่มโปรเจคตัวใหม่', '2015-02-16 10:30:38', 'work', 'N'),
	(503, 1, 'NanoK', '2015-02-16 08:00:00', '2015-02-16 11:00:00', 10800, 'ทำตัวเช็ครูปการลาเเละใส่ Icon ใหม่(ต่อ)', '2015-02-16 10:58:32', 'work', 'N');
/*!40000 ALTER TABLE `workdetail` ENABLE KEYS */;
/*!40014 SET FOREIGN_KEY_CHECKS=1 */;
/*!40101 SET CHARACTER_SET_CLIENT=@OLD_CHARACTER_SET_CLIENT */;
