-- --------------------------------------------------------
-- Host:                         timesheet.hbaan.com
-- Server version:               5.0.51a - Source distribution
-- Server OS:                    unknown-freebsd7.0
-- HeidiSQL version:             7.0.0.4053
-- Date/time:                    2015-02-06 10:09:22
-- --------------------------------------------------------

/*!40101 SET @OLD_CHARACTER_SET_CLIENT=@@CHARACTER_SET_CLIENT */;
/*!40101 SET NAMES utf8 */;
/*!40014 SET FOREIGN_KEY_CHECKS=0 */;

-- Dumping structure for table timesheet_main.company
DROP TABLE IF EXISTS `company`;
CREATE TABLE IF NOT EXISTS `company` (
  `Company_id` int(10) NOT NULL auto_increment,
  `CompanyName` varchar(10) default '0',
  `Remove` enum('Y','N') default 'N',
  PRIMARY KEY  (`Company_id`)
) ENGINE=InnoDB AUTO_INCREMENT=2 DEFAULT CHARSET=utf8;

-- Dumping data for table timesheet_main.company: ~1 rows (approximately)
/*!40000 ALTER TABLE `company` DISABLE KEYS */;
INSERT INTO `company` (`Company_id`, `CompanyName`, `Remove`) VALUES
	(1, 'X3dev', 'N');
/*!40000 ALTER TABLE `company` ENABLE KEYS */;


-- Dumping structure for table timesheet_main.project
DROP TABLE IF EXISTS `project`;
CREATE TABLE IF NOT EXISTS `project` (
  `Project_id` int(10) NOT NULL auto_increment,
  `Company_id` int(10) NOT NULL default '0',
  `Project_name` varchar(250) default NULL,
  `MaxTime` int(11) default NULL,
  `Public` enum('Y','N') default 'Y',
  `Remove` enum('Y','N') default 'N',
  PRIMARY KEY  (`Project_id`),
  KEY `FK_project_company` (`Company_id`),
  CONSTRAINT `FK_project_company` FOREIGN KEY (`Company_id`) REFERENCES `company` (`Company_id`)
) ENGINE=InnoDB AUTO_INCREMENT=11 DEFAULT CHARSET=utf8;

-- Dumping data for table timesheet_main.project: ~10 rows (approximately)
/*!40000 ALTER TABLE `project` DISABLE KEYS */;
INSERT INTO `project` (`Project_id`, `Company_id`, `Project_name`, `MaxTime`, `Public`, `Remove`) VALUES
	(1, 1, 'TimeSheet', 110, 'Y', 'N'),
	(2, 1, 'หุ้น', 270, 'Y', 'N'),
	(3, 1, 'Ssporting', 540, 'Y', 'N'),
	(4, 1, 'เกม', 810, 'Y', 'N'),
	(5, 1, 'ยา', 810, 'Y', 'N'),
	(6, 1, 'ร้านอาหาร', 100, 'Y', 'N'),
	(7, 1, '1M', 100, 'Y', 'N'),
	(8, 1, 'ธุรการ', 810, 'Y', 'N'),
	(9, 1, 'ทำความสะอาดประจำวัน', 810, 'Y', 'N'),
	(10, 1, 'ลอตเตอรี่', 810, 'Y', 'N');
/*!40000 ALTER TABLE `project` ENABLE KEYS */;


-- Dumping structure for table timesheet_main.staff
DROP TABLE IF EXISTS `staff`;
CREATE TABLE IF NOT EXISTS `staff` (
  `UserName` varchar(50) NOT NULL default '',
  `SubOrganizer_id` int(10) default NULL,
  `Name` varchar(250) default NULL,
  `LastName` varchar(250) default NULL,
  `Nickname` varchar(250) default NULL,
  `Password` varchar(250) default NULL,
  `Position` enum('admin','programmer','design') default NULL,
  `remove` enum('Y','N','C') default 'N',
  PRIMARY KEY  (`UserName`),
  KEY `FK_staff_sub_organizer` (`SubOrganizer_id`),
  CONSTRAINT `FK_staff_sub_organizer` FOREIGN KEY (`SubOrganizer_id`) REFERENCES `sub_organizer` (`SubOrganizer_id`)
) ENGINE=InnoDB DEFAULT CHARSET=utf8;

-- Dumping data for table timesheet_main.staff: ~19 rows (approximately)
/*!40000 ALTER TABLE `staff` DISABLE KEYS */;
INSERT INTO `staff` (`UserName`, `SubOrganizer_id`, `Name`, `LastName`, `Nickname`, `Password`, `Position`, `remove`) VALUES
	('babudo', NULL, 'ศรัณย์', 'ลายกลาง', 'อาร์ม', 'e8eadd8c57c277a3ea014e2229b965b9', 'design', 'N'),
	('Bim', NULL, 'Julaluk', 'Tonghom', 'Bim', '4aefcb71622252c57b3c24f551331eaf', 'design', 'N'),
	('boy', NULL, 'สิรวิชญ์', 'ทาเงิน', 'บอย', 'd97f8b5d9d7227b668dfffc1c5bf576e', 'programmer', 'N'),
	('cherry', NULL, 'Poomin', 'jaichoung', 'game', 'e10adc3949ba59abbe56e057f20f883e', 'programmer', 'N'),
	('crop', NULL, 'สันติพล', 'ทรัพย์สิน', 'โอ้', '827ccb0eea8a706c4c34a16891f84e7b', 'admin', 'N'),
	('demonixz', NULL, 'สุเชาว์', 'จิระประพจน์', '@@', 'ff0eca571f7670efa4ac4a2c37214c6b', 'programmer', 'N'),
	('heetee', NULL, 'veerasak', 'singkum', 'note/udom', '5719864fab268eebc27bd600e4af996e', 'design', 'N'),
	('indpendents', NULL, 'ภานุพงศ์', 'อุรุโคตร', 'ติ่ง', 'dd649c724529c23bb693a16247621110', 'programmer', 'N'),
	('manaeiei', NULL, 'Pathompong', 'Soipharb', 'mana', '7aad3ab7ffd5f411049b78364cc53e94', 'programmer', 'N'),
	('mrsyrop', NULL, 'วิถี', 'พงษาวดาร', 'บื่อ', 'fc3ff6565baad0deb575df494191fcf3', 'programmer', 'N'),
	('Muraz', NULL, 'Nukul', 'Muenjihan', 'Au', 'e10adc3949ba59abbe56e057f20f883e', 'programmer', 'N'),
	('muy', NULL, 'กานต์ธีรา', 'สุตัญตั้งใจ', 'มุ้ย', '70410c93da2b5e3ce7977a59bf2d675b', 'programmer', 'N'),
	('NanoK', NULL, 'sootipong', 'taothong', 'NanoK', 'e10adc3949ba59abbe56e057f20f883e', 'programmer', 'N'),
	('obe', NULL, 'สุบรรณ', 'วาไชยะ', 'อบ', '59c6f06e471fe1cfaf62afc573fa0bdc', 'programmer', 'N'),
	('superx', NULL, 'ศิวกร', 'อินถาเครือ', 'P\'XL', '261676f286d23f93b21dff383fade78d', 'admin', 'N'),
	('thana', NULL, 'Thanadet', 'Phankham', 'Tam', 'fe87676996dcd16d37298b49e581eaed', 'design', 'N'),
	('wutthikorn', NULL, 'Wutthikorn', 'Kulkate', 'pele', '6f82976ad44f9d0828583a7f755ef735', 'programmer', 'N'),
	('xsorust', NULL, 'ปรีดา', 'ศรีเสริม', 'โต้ง', 'bb6085dea8961c7824f1a2a842c31b53', 'design', 'N'),
	('แอมมี่', NULL, 'วัชรภรณ์', 'ธรรมสัตย์', 'แอมมี่', '962653292f19ad9fa6e28b729f0e49f4', 'design', 'N');
/*!40000 ALTER TABLE `staff` ENABLE KEYS */;


-- Dumping structure for table timesheet_main.sub_organizer
DROP TABLE IF EXISTS `sub_organizer`;
CREATE TABLE IF NOT EXISTS `sub_organizer` (
  `SubOrganizer_id` int(10) NOT NULL auto_increment,
  `Company_id` int(10) default NULL,
  `NameOrganizer` varchar(250) default NULL,
  `Remove` enum('Y','N') default 'N',
  PRIMARY KEY  (`SubOrganizer_id`),
  KEY `FK_sub_organizer_company` (`Company_id`),
  CONSTRAINT `FK_sub_organizer_company` FOREIGN KEY (`Company_id`) REFERENCES `company` (`Company_id`)
) ENGINE=InnoDB DEFAULT CHARSET=utf8;

-- Dumping data for table timesheet_main.sub_organizer: ~0 rows (approximately)
/*!40000 ALTER TABLE `sub_organizer` DISABLE KEYS */;
/*!40000 ALTER TABLE `sub_organizer` ENABLE KEYS */;


-- Dumping structure for table timesheet_main.workdetail
DROP TABLE IF EXISTS `workdetail`;
CREATE TABLE IF NOT EXISTS `workdetail` (
  `WorkDetail_id` int(10) NOT NULL auto_increment,
  `Project_id` int(10) NOT NULL default '0',
  `UserName` varchar(50) default NULL,
  `StartDate` datetime default NULL,
  `EndDate` datetime default NULL,
  `Value` double default NULL,
  `Detail` text,
  `RecordDate` datetime default NULL,
  `Remove` enum('Y','N') default 'N',
  PRIMARY KEY  (`WorkDetail_id`)
) ENGINE=InnoDB AUTO_INCREMENT=211 DEFAULT CHARSET=utf8;

-- Dumping data for table timesheet_main.workdetail: ~233 rows (approximately)
/*!40000 ALTER TABLE `workdetail` DISABLE KEYS */;
INSERT INTO `workdetail` (`WorkDetail_id`, `Project_id`, `UserName`, `StartDate`, `EndDate`, `Value`, `Detail`, `RecordDate`, `Remove`) VALUES
	(1, 1, 'NanoK', '2015-02-02 08:00:00', '2015-02-02 12:00:00', 14400, 'อัพขึ้นโฮสติ้ง http://timesheet.hbaan.com', '2015-02-02 15:12:01', 'N'),
	(2, 1, 'NanoK', '2015-02-02 13:00:00', '2015-02-02 18:00:00', 18000, 'ทำหน้า จัดการโครงการ2', '2015-02-02 15:12:31', 'N'),
	(3, 3, 'crop', '2015-02-02 17:49:00', '2015-02-02 18:00:00', 660, 'อัพข่าว', '2015-02-02 15:39:42', 'N'),
	(4, 3, 'wutthikorn', '2015-02-02 09:00:00', '2015-02-02 18:00:00', 32400, 'แก้ไขหน้าเล่นเกมให้เป็นระเบียบและเพื่อให้รองรับการแก้ไขในอนาคต', '2015-02-02 17:28:35', 'N'),
	(5, 2, 'babudo', '2015-02-02 08:20:00', '2015-02-02 12:00:00', 13200, 'ตัด css /html หน้า sign-in, sign-up', '2015-02-02 17:30:59', 'N'),
	(6, 2, 'babudo', '2015-02-02 13:00:00', '2015-02-02 14:20:00', 4800, 'ให้บูม set เครื่องทำโปรเจคหุ้น', '2015-02-02 17:32:04', 'N'),
	(7, 2, 'indpendents', '2015-02-02 08:00:00', '2015-02-02 12:00:00', 14400, 'ดูรูปแบบข้อมูล trade รายวันเพื่อแปลงเป็นข้อมูลไว้แสดงกราฟ', '2015-02-02 17:33:47', 'N'),
	(8, 3, 'แอมมี่', '2015-02-02 08:30:00', '2015-02-02 09:30:00', 3600, 'ตรวจสอบผลฟุตอบอลเมื่่อคืน พร้อมติดตามข่าวสารเกี่ยวกับฟุตบอล ', '2015-02-02 17:33:50', 'N'),
	(9, 2, 'babudo', '2015-02-02 14:20:00', '2015-02-02 14:40:00', 1200, 'แก้ไข/เพิ่มเติม  หน้า sign-in, sign-up (หลังจากที่ set เครื่องใหม่)', '2015-02-02 17:34:09', 'N'),
	(10, 2, 'indpendents', '2015-02-02 13:00:00', '2015-02-02 18:00:00', 18000, 'เซ็ตเซิร์ฟเวอร์สำหรับเซอร์วิส', '2015-02-02 17:35:23', 'N'),
	(11, 3, 'แอมมี่', '2015-02-02 09:30:00', '2015-02-02 11:00:00', 5400, 'เช็คโปรแกรมการแข่งขันของวันพรุ่งนี้ พร้อมตรวจสอบเวลาแข่ง ช่องทอดการแข่งขัน พร้อมติดตามข่าวสารเกี่ยวกับฟุตบอล ', '2015-02-02 17:35:47', 'N'),
	(12, 5, 'babudo', '2015-02-02 15:00:00', '2015-02-02 17:20:00', 8400, 'แก้ไขกล่องยา camacap', '2015-02-02 17:35:59', 'N'),
	(13, 3, 'mrsyrop', '2015-02-02 08:00:00', '2015-02-02 15:00:00', 25200, 'ทำระบบแก้รางวัลกิจกรรมประจำวัน', '2015-02-02 17:38:30', 'N'),
	(14, 2, 'แอมมี่', '2015-02-02 11:00:00', '2015-02-02 12:00:00', 3600, 'แก้ไขหน้า UI 12SET หน้า Timeline ที่พี่ตั้มส่งมา', '2015-02-02 17:39:36', 'N'),
	(15, 3, 'mrsyrop', '2015-02-02 15:00:00', '2015-02-02 18:00:00', 10800, 'แก้การตอบโพสด้วย url', '2015-02-02 17:39:46', 'N'),
	(16, 3, 'heetee', '2015-02-02 08:20:00', '2015-02-02 09:00:00', 2400, 'ประกาศรางวัลกิจกรรมใน Ssporting.com โดยการคัดเลือกคอมเม้นคู่บอลที่โดนใจแอดมิน', '2015-02-02 17:40:20', 'N'),
	(17, 2, 'แอมมี่', '2015-02-02 13:00:00', '2015-02-02 14:00:00', 3600, 'แก้ไขหน้า UI 12SET หน้า Timeline ที่พี่ตั้มส่งมา', '2015-02-02 17:40:31', 'N'),
	(18, 2, 'Muraz', '2015-02-02 09:00:00', '2015-02-02 12:00:00', 10800, 'ลองทำส่วนของ Chart  ในโปรเจท dev ***เกิดปัญหาไม่สามารถทำต่อได้', '2015-02-02 17:41:12', 'N'),
	(19, 2, 'Bim', '2015-02-02 08:30:00', '2015-02-02 11:00:00', 9000, 'ปรับเลเอาท์ ห้นหน้าแรก , รวมโปรเจคเลเอาท์หุ้นกับบูม', '2015-02-02 17:41:30', 'N'),
	(20, 2, 'Muraz', '2015-02-02 13:00:00', '2015-02-02 17:00:00', 14400, 'เทียบ Option ของ xset.info กับของที่เรามี', '2015-02-02 17:42:12', 'N'),
	(21, 2, 'manaeiei', '2015-02-03 08:00:00', '2015-02-03 18:00:00', 36000, 'เริ่มต้น โปรเจค www.xset.info', '2015-02-02 17:42:28', 'N'),
	(22, 2, 'แอมมี่', '2015-02-02 14:00:00', '2015-02-02 17:30:00', 12600, 'ทำหน้า UI 12Set หน้า News  ศึกษาข้อมูลหน้า Knoledge', '2015-02-02 17:43:04', 'N'),
	(23, 2, 'Bim', '2015-02-02 12:00:00', '2015-02-02 15:20:00', 12000, 'ให้บูมลงโปรแกมสำหรับเปิดโปรเจค, ตัดเลเอาท์หน้าแรกส่วนของ chat ', '2015-02-02 17:44:22', 'N'),
	(24, 3, 'xsorust', '2015-02-02 08:00:00', '2015-02-02 17:30:00', 34200, 'อัพเดทข่าวคราวความเคลื่อนไหว เกี่ยวกับฟุตบอล', '2015-02-02 17:45:51', 'N'),
	(25, 3, 'heetee', '2015-02-02 09:00:00', '2015-02-02 10:00:00', 3600, 'สร้างกิจกรรมคู่บอลใน Ssporting.com โดยเลือกคู่บอลคู่ใหญ่มาโพสในเว็บ และเพส', '2015-02-02 17:45:53', 'N'),
	(26, 3, 'demonixz', '2015-02-02 16:10:00', '2015-02-02 16:15:00', 300, 'แก้ปัญหาการ reply เป็น url (http://...)', '2015-02-02 17:46:07', 'N'),
	(27, 3, 'xsorust', '2015-02-02 08:30:00', '2015-02-02 08:45:00', 900, 'อัพบอร์ดรูปบอร์ดเซ็กซี่ฟุตบอล', '2015-02-02 17:47:08', 'N'),
	(28, 2, 'demonixz', '2015-02-02 15:00:00', '2015-02-02 15:15:00', 900, 'ติดต่อเรื่อง chart library ของ tradingview', '2015-02-02 17:47:38', 'N'),
	(29, 2, 'Bim', '2015-02-02 15:20:00', '2015-02-02 17:30:00', 7800, 'ตัดเลเอาท์หน้าแรกเพิ่มเติม ส่วนของข้อมูลหุ้น (ส่วนที่คลิกแล้วยืดลงมา)', '2015-02-02 17:47:48', 'N'),
	(30, 2, 'boy', '2015-02-02 08:20:00', '2015-02-02 17:30:00', 33000, 'favorite setalert', '2015-02-02 17:48:16', 'N'),
	(31, 2, 'demonixz', '2015-02-02 11:00:00', '2015-02-02 11:05:00', 300, 'สอบถามเรื่อง license ของ stockchartx (html5)', '2015-02-02 17:48:36', 'N'),
	(32, 2, 'demonixz', '2015-02-02 16:30:00', '2015-02-02 16:41:00', 660, 'config server เพิ่มเว็บ www2.xset.info service.xset.info', '2015-02-02 17:50:04', 'N'),
	(33, 3, 'heetee', '2015-02-02 10:00:00', '2015-02-02 12:00:00', 7200, 'หาข้อมูลข่าวสารเกี่ยวกับฟุตบอล จากเว็บไซต์กีฬา Twitter Vine และเพสเฟสบุ๊กกีฬาทั้งในประเทศและต่างประเทศ เพื่อโพสในเพสเฟสบุ๊กและในเว็บ Ssporting.com', '2015-02-02 17:51:48', 'N'),
	(34, 3, 'xsorust', '2015-02-02 10:00:00', '2015-02-02 10:30:00', 1800, 'หาและอัพคลิปที่น่าสนใจในวงการฟุตบอล', '2015-02-02 17:54:45', 'N'),
	(35, 1, 'แอมมี่', '2015-02-02 17:30:00', '2015-02-02 18:00:00', 1800, 'Test ระบบ time', '2015-02-02 17:54:52', 'N'),
	(36, 3, 'heetee', '2015-02-02 13:05:00', '2015-02-02 14:30:00', 5100, 'คิดมุขเกรียนเพื่อโพสในเพสเฟสบุ๊ก', '2015-02-02 17:57:03', 'N'),
	(37, 3, 'xsorust', '2015-02-02 13:30:00', '2015-02-02 13:45:00', 900, 'อัพบอร์ดรูปบอร์ดเซ็กซี่ฟุตบอล', '2015-02-02 17:58:07', 'N'),
	(38, 3, 'heetee', '2015-02-02 14:30:00', '2015-02-02 16:00:00', 5400, 'หาคู่บอลทีเด็ด และบอลสเตป เพื่อโพสในเพสเฟสบุ๊กและเว็บ Ssporting.com(ทีเด็ดโพสเวลา 16:00 น. /บอลสเตป 16:30 น.)', '2015-02-02 18:01:05', 'N'),
	(39, 3, 'xsorust', '2015-02-02 14:00:00', '2015-02-02 16:00:00', 7200, 'เล่นเกมส์ทายผลบอล+แสดงทรรศนะ', '2015-02-02 18:01:42', 'N'),
	(40, 3, 'heetee', '2015-02-02 16:00:00', '2015-02-02 17:30:00', 5400, 'สร้างกระแสในเว็บ Ssporting.com โดยใช้ User อวตาน', '2015-02-02 18:03:22', 'N'),
	(41, 2, 'indpendents', '2015-02-03 08:00:00', '2015-02-03 09:00:00', 3600, 'ติดต่อกับทาง set เกี่ยวกับการเชื่อมตัวตัวเซิร์ฟเวอร์ test,รูปแบบข้อมูลหุ้นรายวัน,เกี่ยวกับบาง test case', '2015-02-03 08:52:11', 'N'),
	(42, 2, 'indpendents', '2015-02-03 09:00:00', '2015-02-03 10:00:00', 3600, 'ทำตัวจัดการไฟล์ข้อมูลรายวันเพื่อ insert ข้อมูลลงฐานข้อมูล', '2015-02-03 09:41:08', 'N'),
	(43, 2, 'indpendents', '2015-02-03 10:00:00', '2015-02-03 10:30:00', 1800, 'ทดสอบตัวจัดการไฟล์ข้อมูลรายวัน', '2015-02-03 09:54:23', 'N'),
	(44, 2, 'indpendents', '2015-02-03 10:30:00', '2015-02-03 11:00:00', 1800, 'วิเคราะห์ข้อมูลหุ้นรายวันเพื่อทำข้อมูลสำหรับ plot กราฟ', '2015-02-03 09:57:02', 'N'),
	(45, 3, 'obe', '2015-02-03 09:00:00', '2015-02-03 10:20:00', 4800, 'ios แก้ bug กดจาก getNotifications ประเภท timeline', '2015-02-03 10:12:16', 'N'),
	(46, 2, 'indpendents', '2015-02-03 11:00:00', '2015-02-03 12:00:00', 3600, 'เตรียมคำถามสำหรับสอบถามไปยัง SET เกี่ยวกับ test case (Day1)', '2015-02-03 11:01:27', 'N'),
	(47, 3, 'obe', '2015-02-03 10:26:00', '2015-02-03 12:00:00', 5640, 'ios แก้ bug เล่นเกม กดจาก getNotifications ประเภท game', '2015-02-03 12:59:55', 'N'),
	(48, 2, 'manaeiei', '2015-02-03 08:00:00', '2015-02-03 12:00:00', 14400, 'register()', '2015-02-03 13:27:49', 'N'),
	(49, 2, 'indpendents', '2015-02-03 13:00:00', '2015-02-03 13:30:00', 1800, 'ปรับตัวดูดหุ้น test case ใหม่ เนื่องจาก ระบบ SET มีปัญหา ', '2015-02-03 13:55:41', 'N'),
	(50, 3, 'obe', '2015-02-03 14:10:00', '2015-02-03 15:09:00', 3540, 'ios ปรับหน้า match ที่กดมาจาก  getNotifications', '2015-02-03 14:58:33', 'N'),
	(51, 2, 'indpendents', '2015-02-03 13:30:00', '2015-02-03 16:00:00', 9000, 'แก้ไขตัวจัดการไฟล์ข้อมูลรายวันและทดสอบกับเซิร์ฟเวอร์', '2015-02-03 15:48:39', 'N'),
	(52, 2, 'indpendents', '2015-02-03 16:00:00', '2015-02-03 17:00:00', 3600, 'แก้ไขฐานข้อมูลของระบบ Social ของหุ้น', '2015-02-03 15:49:30', 'N'),
	(53, 5, 'babudo', '2015-02-03 08:20:00', '2015-02-03 12:00:00', 13200, 'ออกแบบและแก้ไขบรรจุภัณฑ์', '2015-02-03 17:00:29', 'N'),
	(54, 5, 'babudo', '2015-02-03 13:00:00', '2015-02-03 17:30:00', 16200, 'ออกแบบและแก้ไขบรรจุภัณฑ์ /ออกแบบและแก้ไขเว็บไซต์ (Photoshop)', '2015-02-03 17:02:40', 'N'),
	(55, 3, 'heetee', '2015-02-03 08:00:00', '2015-02-03 09:00:00', 3600, 'ประกาศรางวัลกิจกรรมใน Ssporting.com โดยการคัดเลือกคอมเม้นคู่บอลที่โดนใจแอดมิน', '2015-02-03 17:06:17', 'N'),
	(56, 3, 'heetee', '2015-02-03 09:00:00', '2015-02-03 10:00:00', 3600, 'สร้างกิจกรรมคู่บอลใน Ssporting.com โดยเลือกคู่บอลคู่ใหญ่มาโพสในเว็บ และเพส', '2015-02-03 17:07:13', 'N'),
	(57, 3, 'heetee', '2015-02-03 10:00:00', '2015-02-03 12:00:00', 7200, 'ทำกราฟฟิกสรุปตลาดซื้อขายนักเตะรอบสอง', '2015-02-03 17:09:23', 'N'),
	(58, 3, 'heetee', '2015-02-03 13:00:00', '2015-02-03 15:30:00', 9000, 'ทำกราฟฟิกสรุปอันดับผู้ได้เพชรสูงสุด 1-10 พร้อมหาข้อมูลข่าวสารเกี่ยวกับฟุตบอล จากเว็บไซต์กีฬา Twitter Vine และเพสเฟสบุ๊กกีฬาทั้งในประเทศและต่างประเทศ เพื่อโพสในเพสเฟสบุ๊กและในเว็บ Ssporting.com', '2015-02-03 17:11:21', 'N'),
	(59, 3, 'แอมมี่', '2015-02-03 08:00:00', '2015-02-03 09:30:00', 5400, 'ตรวจสอบผลฟุตอบอลเมื่่อคืน ตอบคำถาม User  พร้อมติดตามข่าวสารเกี่ยวกับฟุตบอล ', '2015-02-03 17:11:35', 'N'),
	(60, 3, 'xsorust', '2015-02-03 08:00:00', '2015-02-03 12:00:00', 14400, 'อัพเดทข่าวคราวความเคลื่อนไหว เกี่ยวกับฟุตบอล 24 ข่าว , อัพบอร์ดรูปบอร์ดเซ็กซี่ฟุตบอล 1 ครั้ง หาและอัพคลิปที่น่าสนใจในวงการฟุตบอล 2 คลิป  เล่นเกมส์ทายผลบอล+แสดงทรรศนะ 21 ครั้ง ', '2015-02-03 17:12:02', 'N'),
	(61, 3, 'heetee', '2015-02-03 15:30:00', '2015-02-03 16:30:00', 3600, 'หาคู่บอลทีเด็ด และบอลสเตป เพื่อโพสในเพสเฟสบุ๊กและเว็บ Ssporting.com(ทีเด็ดโพสเวลา 16:00 น. /บอลสเตป 16:30 น.)', '2015-02-03 17:12:12', 'N'),
	(62, 3, 'แอมมี่', '2015-02-03 09:30:00', '2015-02-03 10:30:00', 3600, 'เช็คโปรแกรมการแข่งขันของวันพรุ่งนี้ พร้อมตรวจสอบเวลาแข่ง ช่องทอดการแข่งขัน พร้อมติดตามข่าวสารเกี่ยวกับฟุตบอล ', '2015-02-03 17:12:23', 'N'),
	(63, 3, 'heetee', '2015-02-03 16:30:00', '2015-02-03 17:30:00', 3600, 'สร้างกระแสในเว็บ Ssporting.com โดยใช้ User อวตาน', '2015-02-03 17:12:59', 'N'),
	(64, 2, 'แอมมี่', '2015-02-03 10:30:00', '2015-02-03 12:00:00', 5400, 'หาข้อมูลเพื่อทำ ออกแบบหน้า Knoledge', '2015-02-03 17:13:56', 'N'),
	(65, 2, 'indpendents', '2015-02-03 17:00:00', '2015-02-03 18:00:00', 3600, 'แก้ไขฐานข้อมูลของระบบ Social ของหุ้น ต่อ', '2015-02-03 17:14:53', 'N'),
	(66, 2, 'แอมมี่', '2015-02-03 13:00:00', '2015-02-03 15:00:00', 7200, 'ออกแบบหน้า Knoledge ', '2015-02-03 17:15:29', 'N'),
	(67, 9, 'heetee', '2015-02-03 17:30:00', '2015-02-03 18:00:00', 1800, 'กวาดอ๊อฟฟิต', '2015-02-03 17:16:37', 'N'),
	(68, 3, 'xsorust', '2015-02-03 13:00:00', '2015-02-03 17:00:00', 14400, 'อัพเดทข่าวคราวความเคลื่อนไหว เกี่ยวกับฟุตบอล 17 ข่าว , อัพบอร์ดรูปบอร์ดเซ็กซี่ฟุตบอล 1 ครั้ง หาและอัพคลิปที่น่าสนใจในวงการฟุตบอล 2 คลิป เล่นเกมส์ทายผลบอล+แสดงทรรศนะ 14 ครั้ง อัพบอร์ด 3 ครั้ง', '2015-02-03 17:16:46', 'N'),
	(69, 2, 'แอมมี่', '2015-02-03 15:00:00', '2015-02-03 16:30:00', 5400, 'แก้ไข UI 12Set หน้า News  ', '2015-02-03 17:17:09', 'N'),
	(70, 1, 'xsorust', '2015-02-03 17:00:00', '2015-02-03 17:30:00', 1800, 'กรอก Timesheet', '2015-02-03 17:18:39', 'N'),
	(71, 9, 'xsorust', '2015-02-03 17:30:00', '2015-02-03 18:00:00', 1800, 'กวาดออฟฟิศชั้น 2 ', '2015-02-03 17:19:20', 'N'),
	(72, 2, 'แอมมี่', '2015-02-03 16:30:00', '2015-02-03 17:30:00', 3600, 'ออกแบบหน้า News Detail', '2015-02-03 17:20:47', 'N'),
	(73, 2, 'Bim', '2015-02-03 08:00:00', '2015-02-03 10:00:00', 7200, 'ตัดเลเอาท์ส่วนของข้อมูลหุ้น (ส่วนที่คลิกแล้วยืดลงมา) ต่อ + หาและทำสคริปท์ให้มันทำงานได้', '2015-02-03 17:26:01', 'N'),
	(74, 9, 'แอมมี่', '2015-02-03 17:30:00', '2015-02-03 18:00:00', 1800, 'ล้างห้องน้ำ', '2015-02-03 17:26:20', 'N'),
	(75, 2, 'Bim', '2015-02-03 10:00:00', '2015-02-03 11:00:00', 3600, 'แก้ไขเลเอาท์ส่วน News', '2015-02-03 17:26:53', 'Y'),
	(76, 2, 'Bim', '2015-02-03 10:00:00', '2015-02-03 11:00:00', 3600, 'แก้ไขเลเอาท์ส่วน News', '2015-02-03 17:26:53', 'N'),
	(77, 2, 'manaeiei', '2015-02-03 13:00:00', '2015-02-03 17:00:00', 14400, 'loginByMail()', '2015-02-03 17:27:16', 'N'),
	(78, 9, 'manaeiei', '2015-02-03 17:00:00', '2015-02-03 18:00:00', 3600, 'ล้างห้องน้ำ', '2015-02-03 17:27:57', 'N'),
	(79, 8, 'muy', '2015-02-03 08:00:00', '2015-02-03 11:00:00', 10800, 'ทำรายงานการลาของพนักงานประจำเดือนมกราคม 2558 และ รายงานค่าใช้ของสำนักงานจ่ายประจำเดือนมกราคม 2558', '2015-02-03 17:29:51', 'N'),
	(80, 2, 'cherry', '2015-02-03 08:00:00', '2015-02-03 12:00:00', 14400, 'service register  , test function register , ', '2015-02-03 17:30:00', 'N'),
	(81, 2, 'boy', '2015-02-03 08:15:00', '2015-02-03 11:58:00', 13380, 'สร้าง database ในการ เปลี่ยนชื่อ favorite ', '2015-02-03 17:31:45', 'N'),
	(82, 9, 'babudo', '2015-02-03 17:30:00', '2015-02-03 18:00:00', 1800, 'ชั้นบน', '2015-02-03 17:31:51', 'N'),
	(83, 2, 'cherry', '2015-02-03 13:00:00', '2015-02-03 17:30:00', 16200, 'service loginByMail , service editUserInfo ,  service editNotification , test service loginByMail , editUserinfo, service editNotification', '2015-02-03 17:33:03', 'N'),
	(84, 2, 'demonixz', '2015-02-03 09:00:00', '2015-02-03 09:10:00', 600, 'สอบถามเรื่อง  license stockchartx (html5) อีกครั้ง (ยังไม่ตอบ)', '2015-02-03 17:33:12', 'N'),
	(85, 2, 'boy', '2015-02-03 13:02:00', '2015-02-03 17:41:00', 16740, 'จัดการ gridview หน้า uiview ให้ลบแบบ multiple ได้ (ยังไม่เสด)', '2015-02-03 17:33:50', 'N'),
	(86, 2, 'demonixz', '2015-02-03 09:30:00', '2015-02-03 09:40:00', 600, 'ติดต่อเรื่อง chart library ของ tradingview (ส่งข้อมูลเพิ่ม)', '2015-02-03 17:34:21', 'N'),
	(87, 9, 'boy', '2015-02-03 17:43:00', '2015-02-03 17:58:00', 900, 'ทำความสะอาดชั้นล่าง', '2015-02-03 17:34:22', 'N'),
	(88, 2, 'demonixz', '2015-02-03 10:00:00', '2015-02-03 11:30:00', 5400, 'login with google', '2015-02-03 17:35:07', 'N'),
	(89, 2, 'demonixz', '2015-02-03 13:30:00', '2015-02-03 15:00:00', 5400, 'login with twitter', '2015-02-03 17:35:52', 'N'),
	(90, 2, 'demonixz', '2015-02-03 15:00:00', '2015-02-03 15:30:00', 1800, 'config iis server เพิ่มเติม', '2015-02-03 17:36:36', 'N'),
	(91, 2, 'Bim', '2015-02-03 13:00:00', '2015-02-03 15:00:00', 7200, 'แก้ไขเลเอาท์ ส่วน News ต่อ + Script + แก้ไขการแสดงผลด้านบน', '2015-02-03 17:36:40', 'N'),
	(92, 2, 'muy', '2015-02-03 11:00:00', '2015-02-03 12:00:00', 3600, 'สมัครเว็บเขียนบล็อก  5 เว็บไซต์ blogger.com , https://www.tumblr.com ,wordpress.com , https://medium.com/ ,www.quora.com', '2015-02-03 17:36:51', 'N'),
	(93, 1, 'NanoK', '2015-02-03 08:00:00', '2015-02-03 12:00:00', 14400, 'เพิ่มระบบแก้ไขข้อมูล งาน หน้าหลัก ', '2015-02-03 17:36:56', 'N'),
	(94, 2, 'Bim', '2015-02-03 15:00:00', '2015-02-03 18:00:00', 10800, 'ตัดหน้ารวม ข่าว', '2015-02-03 17:37:35', 'N'),
	(95, 3, 'mrsyrop', '2015-02-03 08:00:00', '2015-02-03 12:00:00', 14400, 'เพิ่มรายงานจำนวนเพขร+ส่งข้อความหาผุ้ใช้', '2015-02-03 17:37:37', 'N'),
	(96, 2, 'demonixz', '2015-02-03 16:00:00', '2015-02-03 17:30:00', 5400, 'login with google + twitter (ปรับปรุงเพิ่ม)', '2015-02-03 17:37:41', 'N'),
	(97, 1, 'NanoK', '2015-02-03 13:00:00', '2015-02-03 17:00:00', 14400, 'ระบบจัดการข้อมูล พนักงาน เเละ ตัวแก้ไขข้อมูลพนักงาน', '2015-02-03 17:38:15', 'N'),
	(98, 3, 'mrsyrop', '2015-02-03 13:00:00', '2015-02-03 18:00:00', 18000, 'ปรับหน้าแสดงผลของกิจกรรมประจำวัน', '2015-02-03 17:39:23', 'N'),
	(99, 2, 'demonixz', '2015-02-03 11:30:00', '2015-02-03 12:00:00', 1800, 'config iis server ให้รองรับ CORS', '2015-02-03 17:39:29', 'N'),
	(100, 3, 'wutthikorn', '2015-02-03 08:15:00', '2015-02-03 18:00:00', 35100, 'แก้ไขหน้าเล่นเกมให้เป็นระเบียบและเพื่อให้รองรับการแก้ไขในอนาคต (ต่อ)', '2015-02-03 17:41:29', 'N'),
	(101, 2, 'muy', '2015-02-03 13:00:00', '2015-02-03 14:30:00', 5400, 'สมัครเว็บเขียนบล็อก 7 เว็บไซต์  1.https://ghost.org/ , 2. http://www.typepad.com/ , 3. http://www.exteen.com/  , 4. http://www.thaiblogonline.com/  , 5. http://www.myspace.com/  , 6. http://www.livejournal.com/  , 7.http://geocities.yahoo.com/  ', '2015-02-03 17:44:08', 'N'),
	(102, 3, 'obe', '2015-02-03 16:11:00', '2015-02-03 17:58:00', 6420, 'ios ปรับการแสดงผลเวลาที่ผู้ใช้แสดงโพสหรือความคิดเห็น', '2015-02-03 17:46:01', 'N'),
	(103, 2, 'muy', '2015-02-03 14:30:00', '2015-02-03 16:00:00', 5400, 'สมัครเว็บเขียนบล็อก 7 เว็บไซต์ 1.http://www.gamefront.com/  , 2.http://www.vox.com  , 3.http://9rules.com/  , 4.http://www.newsisfree.com/  , 5.http://lifestream.aol.com/  , 6.http://members.webs.com/  , 7.http://www.bravenet.com/webtools/journal/  ', '2015-02-03 17:48:53', 'N'),
	(104, 2, 'muy', '2015-02-03 16:00:00', '2015-02-03 17:30:00', 5400, 'สมัครเว็บเขียนบล็อก 5 เว็บไซต์ 1.home.live.com  , 2. angelfire.lycos.com  , 3. blogher.org   , 4. edublogs.org   , 5. weebly.com ', '2015-02-03 17:50:20', 'N'),
	(105, 9, 'muy', '2015-02-03 17:30:00', '2015-02-03 18:00:00', 1800, 'กวาดพื้น', '2015-02-03 17:52:23', 'N'),
	(106, 2, 'indpendents', '2015-02-04 08:00:00', '2015-02-04 08:30:00', 1800, 'รันตัวดูดหุ้นแบบ manual', '2015-02-04 08:21:10', 'N'),
	(107, 2, 'indpendents', '2015-02-04 08:30:00', '2015-02-04 10:00:00', 5400, 'หาค่า adj_close ทำระบบรันตัวดูดแบบอัฒโนมัติ', '2015-02-04 09:07:41', 'N'),
	(108, 5, 'babudo', '2015-02-04 08:00:00', '2015-02-04 11:15:00', 11700, 'ออกแบบ layout website kamacap (Photoshop)', '2015-02-04 11:08:47', 'N'),
	(109, 3, 'obe', '2015-02-04 08:40:00', '2015-02-04 11:45:00', 11100, 'ios เพิ่มคำในตัวเปลี่ยนภาษา', '2015-02-04 11:56:30', 'N'),
	(110, 3, 'obe', '2015-02-04 13:14:00', '2015-02-04 14:32:00', 4680, 'ios create new version on itunesconnect for pre-uploading and upload app', '2015-02-04 13:14:52', 'N'),
	(111, 2, 'indpendents', '2015-02-04 10:00:00', '2015-02-04 12:00:00', 7200, 'คุยกับทาง SET เกี่ยวกับ PSIMS all equity', '2015-02-04 15:23:20', 'N'),
	(112, 2, 'indpendents', '2015-02-04 13:00:00', '2015-02-04 15:00:00', 7200, 'ศึกษาเอกสารตัวอย่างข้อมูล PSIMS', '2015-02-04 15:25:36', 'N'),
	(113, 2, 'indpendents', '2015-02-04 15:00:00', '2015-02-04 16:00:00', 3600, 'เพิ่มข้อมูล symbol ลงฐาน', '2015-02-04 16:46:54', 'N'),
	(114, 2, 'indpendents', '2015-02-04 16:00:00', '2015-02-04 18:00:00', 7200, 'ศึกษารูปแบบการดึงข้อมูลหุ้น รายวัน รายปี รายชั่วโมง รายนาที', '2015-02-04 16:47:50', 'N'),
	(115, 3, 'xsorust', '2015-02-04 08:00:00', '2015-02-04 12:00:00', 14400, 'อัพเดทข่าวคราวความเคลื่อนไหว เกี่ยวกับฟุตบอล 23 ข่าว , อัพบอร์ดรูปบอร์ดเซ็กซี่ฟุตบอล 1 ครั้ง หาและอัพคลิปที่น่าสนใจในวงการฟุตบอล 2 คลิป เล่นเกมส์ทายผลบอล+แสดงทรรศนะ 18 ครั้ง อัพบอร์ด 1 ครั้ง', '2015-02-04 17:09:40', 'N'),
	(116, 3, 'xsorust', '2015-02-04 13:00:00', '2015-02-04 17:20:00', 15600, 'อัพเดทข่าวคราวความเคลื่อนไหว เกี่ยวกับฟุตบอล 27 ข่าว , อัพบอร์ดรูปบอร์ดเซ็กซี่ฟุตบอล 1 ครั้ง หาและอัพคลิปที่น่าสนใจในวงการฟุตบอล 2 คลิป เล่นเกมส์ทายผลบอล+แสดงทรรศนะ 25 ครั้ง อัพบอร์ด 4 ครั้ง', '2015-02-04 17:11:23', 'N'),
	(117, 1, 'xsorust', '2015-02-04 17:20:00', '2015-02-04 17:30:00', 600, 'กรอก Timesheet', '2015-02-04 17:13:04', 'N'),
	(118, 2, 'demonixz', '2015-02-04 08:30:00', '2015-02-04 10:00:00', 5400, 'facebook login', '2015-02-04 17:13:47', 'N'),
	(119, 2, 'demonixz', '2015-02-04 10:00:00', '2015-02-04 10:30:00', 1800, 'ประสานงาน tradingview library', '2015-02-04 17:15:34', 'N'),
	(120, 2, 'demonixz', '2015-02-04 10:30:00', '2015-02-04 12:00:00', 5400, 'facebook login', '2015-02-04 17:16:22', 'N'),
	(121, 2, 'demonixz', '2015-02-04 13:00:00', '2015-02-04 17:30:00', 16200, 'ระบบ login + ยืนยันตัวตน ทั้งระบบ', '2015-02-04 17:17:33', 'N'),
	(122, 3, 'mrsyrop', '2015-02-04 08:00:00', '2015-02-04 10:00:00', 7200, 'ปรับหน้าแสดงผลของกิจกรรมประจำวัน(ต่อ)', '2015-02-04 17:21:41', 'N'),
	(123, 3, 'mrsyrop', '2015-02-04 10:00:00', '2015-02-04 12:00:00', 7200, 'ปรับ log การเล่น', '2015-02-04 17:23:00', 'N'),
	(124, 3, 'mrsyrop', '2015-02-04 13:00:00', '2015-02-04 14:00:00', 3600, 'การหัก sgold ทดสอบมินิเกมส์', '2015-02-04 17:23:56', 'N'),
	(125, 3, 'heetee', '2015-02-04 08:00:00', '2015-02-04 09:00:00', 3600, 'ประกาศรางวัลกิจกรรมใน Ssporting.com โดยการคัดเลือกคอมเม้นคู่บอลที่โดนใจแอดมิน', '2015-02-04 17:25:17', 'N'),
	(126, 3, 'heetee', '2015-02-04 09:00:00', '2015-02-04 10:00:00', 3600, 'สร้างกิจกรรมคู่บอลใน Ssporting.com โดยเลือกคู่บอลคู่ใหญ่มาโพสในเว็บ และเพส', '2015-02-04 17:25:48', 'N'),
	(127, 9, 'xsorust', '2015-02-04 17:30:00', '2015-02-04 18:00:00', 1800, 'กวาดออฟฟิศชั้น 2', '2015-02-04 17:26:19', 'N'),
	(128, 3, 'mrsyrop', '2015-02-04 14:00:00', '2015-02-04 18:00:00', 14400, 'แก้และทดสอบฟังก์ชัน', '2015-02-04 17:27:39', 'N'),
	(129, 3, 'heetee', '2015-02-04 10:00:00', '2015-02-04 12:00:00', 7200, 'หาข้อมูลข่าวสารเกี่ยวกับฟุตบอล จากเว็บไซต์กีฬา Twitter Vine และเพสเฟสบุ๊กกีฬาทั้งในประเทศและต่างประเทศ เพื่อโพสในเพสเฟสบุ๊กและในเว็บ Ssporting.com', '2015-02-04 17:28:15', 'N'),
	(130, 2, 'babudo', '2015-02-04 11:15:00', '2015-02-04 12:00:00', 2700, 'แก้ไข Css', '2015-02-04 17:30:39', 'N'),
	(131, 1, 'NanoK', '2015-02-04 08:00:00', '2015-02-04 12:00:00', 14400, 'ปรับหน้า จัดการโครงการ', '2015-02-04 17:31:11', 'N'),
	(132, 2, 'babudo', '2015-02-04 13:00:00', '2015-02-04 15:00:00', 7200, 'แก้ไข Css', '2015-02-04 17:31:25', 'N'),
	(133, 5, 'babudo', '2015-02-04 15:00:00', '2015-02-04 17:30:00', 9000, 'ออกแบบ layout website kamacap (Photoshop)', '2015-02-04 17:32:43', 'N'),
	(134, 3, 'heetee', '2015-02-04 13:00:00', '2015-02-04 15:00:00', 7200, 'หาข่าวสารที่น่าสนใจจากเว็บต่างประเทศเพื่อโพสในเพสเฟสบุ๊ก และศึกษาหลักการเขียน Blog ที่ดี จากเว็บ http://www.marketingoops.com/', '2015-02-04 17:33:17', 'N'),
	(135, 9, 'babudo', '2015-02-04 17:30:00', '2015-02-04 18:00:00', 1800, 'ชั้น 2', '2015-02-04 17:33:27', 'N'),
	(136, 3, 'แอมมี่', '2015-02-04 08:00:00', '2015-02-04 09:30:00', 5400, 'ตรวจสอบผลฟุตอบอลเมื่่อคืน ตอบคำถาม User พร้อมติดตามข่าวสารเกี่ยวกับฟุตบอล ', '2015-02-04 17:33:42', 'N'),
	(137, 9, 'obe', '2015-02-04 17:12:00', '2015-02-04 17:42:00', 1800, 'ถูพื้น', '2015-02-04 17:34:01', 'N'),
	(138, 1, 'NanoK', '2015-02-04 13:00:00', '2015-02-04 17:30:00', 16200, 'ปรับตัวคำนวนเวลาทำงาน ปรัปรูปเเบบการค้นหา', '2015-02-04 17:34:58', 'N'),
	(139, 3, 'แอมมี่', '2015-02-04 09:30:00', '2015-02-04 11:00:00', 5400, 'เช็คโปรแกรมการแข่งขันของวันพรุ่งนี้ พร้อมตรวจสอบเวลาแข่ง ช่องทอดการแข่งขัน พร้อมติดตามข่าวสารเกี่ยวกับฟุตบอล ', '2015-02-04 17:35:15', 'N'),
	(140, 2, 'แอมมี่', '2015-02-04 11:00:00', '2015-02-04 12:00:00', 3600, 'แก้ไข UI 12Set หน้า News list', '2015-02-04 17:36:23', 'N'),
	(141, 3, 'heetee', '2015-02-04 15:00:00', '2015-02-04 16:00:00', 3600, 'หาคู่บอลทีเด็ด และบอลสเตป เพื่อโพสในเพสเฟสบุ๊กและเว็บ Ssporting.com(ทีเด็ดโพสเวลา 16:00 น. /บอลสเตป 16:30 น.)', '2015-02-04 17:38:26', 'N'),
	(142, 3, 'heetee', '2015-02-04 16:00:00', '2015-02-04 17:40:00', 6000, 'สร้างกระแสในเว็บ Ssporting.com โดยใช้ User อวตาน', '2015-02-04 17:39:08', 'N'),
	(143, 3, 'heetee', '2015-02-04 17:40:00', '2015-02-04 18:00:00', 1200, 'กวาดอ๊อฟฟิต', '2015-02-04 17:39:38', 'N'),
	(144, 2, 'แอมมี่', '2015-02-04 13:00:00', '2015-02-04 15:00:00', 7200, 'ออกแบบหน้า Knoledge ', '2015-02-04 17:42:11', 'N'),
	(145, 2, 'แอมมี่', '2015-02-04 15:00:00', '2015-02-04 18:00:00', 10800, 'ออกแบบหน้า News (ตัวใหม่)', '2015-02-04 17:42:55', 'N'),
	(146, 2, 'manaeiei', '2015-02-04 08:00:00', '2015-02-04 12:00:00', 14400, 'loginByWeb()', '2015-02-04 17:44:24', 'N'),
	(147, 2, 'manaeiei', '2015-02-04 12:00:00', '2015-02-04 18:00:00', 21600, 'editUserInfo()', '2015-02-04 17:44:49', 'N'),
	(148, 10, 'muy', '2015-02-04 08:00:00', '2015-02-04 09:00:00', 3600, 'เพิ่มข่าว', '2015-02-04 17:48:02', 'N'),
	(149, 2, 'boy', '2015-02-04 08:20:00', '2015-02-04 12:00:00', 13200, 'จัดการ gridview หน้า uiview ให้ลบแบบ multiple ได้ (ยังไม่เสด) ', '2015-02-04 17:48:45', 'N'),
	(150, 2, 'muy', '2015-02-04 09:00:00', '2015-02-04 12:00:00', 10800, 'สมัครเว็บเขียนบล็อก 15 เว็บไซต์ ', '2015-02-04 17:49:06', 'N'),
	(151, 2, 'boy', '2015-02-04 13:00:00', '2015-02-04 17:58:00', 17880, 'จัดการ gridview หน้า uiview ให้ลบแบบ multiple ได้ (ยังไม่เสด) ติดปัญหา', '2015-02-04 17:49:25', 'N'),
	(152, 2, 'muy', '2015-02-04 13:00:00', '2015-02-04 17:30:00', 16200, 'สมัครเว็บเขียนบล็อก 25 เว็บไซต์', '2015-02-04 17:52:31', 'N'),
	(153, 9, 'muy', '2015-02-04 17:31:00', '2015-02-04 18:00:00', 1740, 'กวาดพื้น', '2015-02-04 17:53:35', 'N'),
	(154, 3, 'wutthikorn', '2015-02-04 08:30:00', '2015-02-04 17:30:00', 32400, 'แก้ไขหน้าเล่นเกมให้เป็นระเบียบและเพื่อให้รองรับการแก้ไขในอนาคต (ต่อ)', '2015-02-04 23:05:44', 'N'),
	(155, 2, 'indpendents', '2015-02-05 08:00:00', '2015-02-05 10:00:00', 7200, 'ศึกษาและจัดการเกี่ยวกับ Test case', '2015-02-05 09:12:19', 'N'),
	(156, 2, 'indpendents', '2015-02-05 10:00:00', '2015-02-05 12:00:00', 7200, 'จัดการคอมใหม่ เนื่องจากช้า', '2015-02-05 11:39:25', 'N'),
	(157, 2, 'manaeiei', '2015-02-05 08:00:00', '2015-02-05 12:00:00', 14400, 'editNotification()', '2015-02-05 15:17:09', 'N'),
	(158, 2, 'manaeiei', '2015-02-05 12:00:00', '2015-02-05 17:00:00', 18000, 'ปรับ authentication โดยรวม', '2015-02-05 15:18:02', 'N'),
	(159, 3, 'indpendents', '2015-02-05 13:00:00', '2015-02-05 15:00:00', 7200, 'แก้ไขข้อมูลสถิติ ผลบอลเมือวานไม่มา แก้ไขโปรแกรมบางส่วน', '2015-02-05 15:23:00', 'N'),
	(160, 2, 'cherry', '2015-02-04 08:00:00', '2015-02-04 12:00:00', 14400, 'service token for login , get user by token login ', '2015-02-05 16:37:10', 'N'),
	(161, 2, 'cherry', '2015-02-04 13:00:00', '2015-02-04 17:30:00', 16200, 'service addChart ,service  editChart ,service removeChart , ', '2015-02-05 16:39:28', 'N'),
	(162, 2, 'indpendents', '2015-02-05 15:00:00', '2015-02-05 17:00:00', 7200, 'อัพเดทฐานข้อมูลหุ้น', '2015-02-05 16:40:05', 'N'),
	(163, 2, 'cherry', '2015-02-05 08:00:00', '2015-02-05 12:00:00', 14400, 'service addPost , service eidtpost , service getPostAll , service getpostById', '2015-02-05 16:40:34', 'N'),
	(164, 2, 'cherry', '2015-02-05 13:00:00', '2015-02-05 17:50:00', 17400, 'service likepost , service unlikepost removepost , getpostAlluser', '2015-02-05 16:41:38', 'N'),
	(165, 2, 'Bim', '2015-02-04 08:00:00', '2015-02-04 10:00:00', 7200, 'ตัดหน้าข่าว (เลเอาท์เดิม) เพิ่มเติม ', '2015-02-05 16:43:36', 'N'),
	(166, 2, 'Bim', '2015-02-04 11:00:00', '2015-02-04 12:00:00', 3600, 'ศึกษาสคริป +เริ่มแก้ไขเลเอาท์ ด้านบนแบบ fixed', '2015-02-05 16:47:42', 'N'),
	(167, 9, 'manaeiei', '2015-02-05 17:00:00', '2015-02-05 18:00:00', 3600, 'ล้างห้องน้ำ', '2015-02-05 17:14:08', 'N'),
	(168, 3, 'heetee', '2015-02-05 08:00:00', '2015-02-05 09:00:00', 3600, 'ประกาศรางวัลกิจกรรมใน Ssporting.com โดยการคัดเลือกคอมเม้นคู่บอลที่โดนใจแอดมิน', '2015-02-05 17:14:39', 'N'),
	(169, 3, 'heetee', '2015-02-05 09:00:00', '2015-02-05 10:00:00', 3600, 'สร้างกิจกรรมคู่บอลใน Ssporting.com โดยเลือกคู่บอลคู่ใหญ่มาโพสในเว็บ และเพส', '2015-02-05 17:15:08', 'N'),
	(170, 3, 'heetee', '2015-02-05 10:00:00', '2015-02-05 12:00:00', 7200, 'หาข้อมูลข่าวสารเกี่ยวกับฟุตบอล จากเว็บไซต์กีฬา Twitter Vine และเพสเฟสบุ๊กกีฬาทั้งในประเทศและต่างประเทศ เพื่อโพสในเพสเฟสบุ๊กและในเว็บ Ssporting.com', '2015-02-05 17:15:41', 'N'),
	(171, 3, 'heetee', '2015-02-05 13:00:00', '2015-02-05 15:00:00', 7200, 'โพสคลิปวิดีโอสร้างกระแสในเพสเฟสบุ๊ก และเว็บ Ssporting.com', '2015-02-05 17:17:10', 'N'),
	(172, 3, 'heetee', '2015-02-05 15:00:00', '2015-02-05 16:00:00', 3600, 'หาคู่บอลทีเด็ด และบอลสเตป เพื่อโพสในเพสเฟสบุ๊กและเว็บ Ssporting.com(ทีเด็ดโพสเวลา 16:00 น. /บอลสเตป 16:30 น.)', '2015-02-05 17:17:47', 'N'),
	(173, 3, 'heetee', '2015-02-05 16:00:00', '2015-02-05 17:30:00', 5400, 'สร้างกระแสในเว็บ Ssporting.com โดยใช้ User อวตาน', '2015-02-05 17:18:20', 'N'),
	(174, 3, 'heetee', '2015-02-05 17:30:00', '2015-02-05 18:00:00', 1800, 'กวาดอ๊อฟฟิต', '2015-02-05 17:18:52', 'N'),
	(175, 3, 'xsorust', '2015-02-05 08:00:00', '2015-02-05 12:00:00', 14400, 'อัพเดทข่าวคราวความเคลื่อนไหว เกี่ยวกับฟุตบอล 17 ข่าว , อัพบอร์ดรูปบอร์ดเซ็กซี่ฟุตบอล 1 ครั้ง หาและอัพคลิปที่น่าสนใจในวงการฟุตบอล 2 คลิป เล่นเกมส์ทายผลบอล+แสดงทรรศนะ 7 ครั้ง อัพบอร์ด 1 ครั้ง อัพคลิปไฮไลทืคู่บอล 2 คลิป', '2015-02-05 17:28:26', 'N'),
	(176, 1, 'NanoK', '2015-02-05 08:30:00', '2015-02-05 12:00:00', 12600, 'ระบบจัดการพนักงานเข้าโครงการ (สำหรับ admin)', '2015-02-05 17:29:39', 'N'),
	(177, 3, 'xsorust', '2015-02-05 13:05:00', '2015-02-05 17:36:00', 16260, 'อัพเดทข่าวคราวความเคลื่อนไหว เกี่ยวกับฟุตบอล 26 ข่าว , อัพบอร์ดรูปบอร์ดเซ็กซี่ฟุตบอล 1 ครั้ง หาและอัพคลิปที่น่าสนใจในวงการฟุตบอล 2 คลิป เล่นเกมส์ทายผลบอล+แสดงทรรศนะ 16 ครั้ง อัพบอร์ด 2 ครั้ง', '2015-02-05 17:30:13', 'N'),
	(178, 1, 'NanoK', '2015-02-05 13:00:00', '2015-02-05 17:00:00', 14400, 'ปรับระบบค้นเเละสิทธิการค้นหา เเละ เข้าถึงข้อมูลของพนักงาน', '2015-02-05 17:30:56', 'N'),
	(179, 1, 'xsorust', '2015-02-05 17:36:00', '2015-02-05 17:41:00', 300, 'กรอก Timesheet', '2015-02-05 17:32:12', 'N'),
	(180, 9, 'xsorust', '2015-02-05 17:41:00', '2015-02-05 18:00:00', 1140, 'กวาดออฟฟิศชั้น 2', '2015-02-05 17:32:48', 'N'),
	(181, 3, 'mrsyrop', '2015-02-05 09:00:00', '2015-02-05 12:00:00', 10800, 'แก้บั๊คอัพเดทสถานะคู่บอล', '2015-02-05 17:35:13', 'N'),
	(182, 3, 'mrsyrop', '2015-02-05 13:00:00', '2015-02-05 18:00:00', 18000, 'แก้บั๊ครายการ bet list ของคู่บอล', '2015-02-05 17:36:31', 'N'),
	(183, 2, 'Bim', '2015-02-04 13:00:00', '2015-02-04 18:00:00', 18000, 'คุย concept เลเอาท์หลักใหม่+ เลเอาท์หน้า News ใหม่ + เริ่มปรับ +รอเลเอาท์หน้าnewsใหม่', '2015-02-05 17:36:33', 'N'),
	(184, 5, 'babudo', '2015-02-05 08:00:00', '2015-02-05 10:30:00', 9000, 'ออกแบบ layout', '2015-02-05 17:36:42', 'N'),
	(185, 2, 'babudo', '2015-02-05 10:30:00', '2015-02-05 12:00:00', 5400, 'แก้ไข css', '2015-02-05 17:37:15', 'N'),
	(186, 2, 'Bim', '2015-02-05 08:00:00', '2015-02-05 12:00:00', 14400, 'ปรับเลเอาท์หลักโครงใหม่ + หน้าแรก + แถบขวาฟิกซ์ ', '2015-02-05 17:38:07', 'N'),
	(187, 5, 'babudo', '2015-02-01 00:00:00', '2015-02-05 17:30:00', 408600, 'ออกแบบ layout / แก้ไข package ยา', '2015-02-05 17:38:12', 'N'),
	(188, 5, 'babudo', '2015-02-05 13:00:00', '2015-02-05 17:30:00', 16200, 'ออกแบบ layout / แก้ไข packaging ยา ', '2015-02-05 17:39:39', 'N'),
	(189, 3, 'แอมมี่', '2015-02-05 08:00:00', '2015-02-05 09:30:00', 5400, 'ตรวจสอบผลฟุตอบอลเมื่่อคืน ตอบคำถาม User พร้อมติดตามข่าวสารเกี่ยวกับฟุตบอล ', '2015-02-05 17:39:52', 'N'),
	(190, 9, 'babudo', '2015-02-05 17:30:00', '2015-02-05 18:00:00', 1800, 'ถูพื้นชั้น 2', '2015-02-05 17:40:27', 'N'),
	(191, 3, 'แอมมี่', '2015-02-05 09:30:00', '2015-02-05 11:00:00', 5400, 'ตารางแข่ง FA CUP รอบ 16 ทีม', '2015-02-05 17:40:59', 'N'),
	(192, 2, 'Bim', '2015-02-05 13:00:00', '2015-02-05 15:30:00', 9000, 'ปรับเลเอาท์หน้าโปรไฟล์ + tab ด้านบน ', '2015-02-05 17:41:26', 'N'),
	(193, 2, 'boy', '2015-02-05 08:20:00', '2015-02-05 11:58:00', 13080, 'ลบหุ้นทีเพิ่ม', '2015-02-05 17:42:28', 'N'),
	(194, 2, 'แอมมี่', '2015-02-05 11:00:00', '2015-02-05 12:00:00', 3600, 'แก้ไขเมนู Tap Wiget', '2015-02-05 17:43:04', 'N'),
	(195, 2, 'Bim', '2015-02-05 15:30:00', '2015-02-05 17:30:00', 7200, 'ตัดเลเอาท์หน้า News แบบใหม่', '2015-02-05 17:43:10', 'N'),
	(196, 2, 'demonixz', '2015-02-05 08:30:00', '2015-02-05 14:00:00', 19800, 'login system (completed)', '2015-02-05 17:43:21', 'N'),
	(197, 2, 'boy', '2015-02-05 13:05:00', '2015-02-05 17:19:00', 15240, 'ลบหุ้นทีเพิ่มใน Gridview หน้า UiView', '2015-02-05 17:43:24', 'N'),
	(198, 9, 'boy', '2015-02-05 17:30:00', '2015-02-05 17:52:00', 1320, 'ทำความสะอาด', '2015-02-05 17:43:53', 'N'),
	(199, 2, 'Bim', '2015-02-05 17:30:00', '2015-02-05 18:00:00', 1800, 'เริ่มตัด แถบfixed ด้านขวาใหม่ ', '2015-02-05 17:44:00', 'N'),
	(200, 3, 'แอมมี่', '2015-02-05 13:00:00', '2015-02-05 14:30:00', 5400, 'ออกแบบ HBD นักเตะที่เกิด 5 กพ. 58', '2015-02-05 17:45:36', 'N'),
	(201, 2, 'แอมมี่', '2015-02-05 14:30:00', '2015-02-05 18:00:00', 12600, 'แก้ไขหน้า News All', '2015-02-05 17:46:33', 'N'),
	(202, 10, 'muy', '2015-02-05 09:00:00', '2015-02-05 10:00:00', 3600, 'เพิ่มข่าวหวย', '2015-02-05 17:46:46', 'N'),
	(203, 8, 'muy', '2015-02-05 10:00:00', '2015-02-05 11:00:00', 3600, 'ทำเอกสาร SET', '2015-02-05 17:47:47', 'N'),
	(204, 2, 'muy', '2015-02-05 11:00:00', '2015-02-05 12:00:00', 3600, 'สมัครเว็บเขียนบล็อก 5 เว็บไซต์', '2015-02-05 17:48:28', 'N'),
	(205, 2, 'muy', '2015-02-05 13:00:00', '2015-02-05 17:30:00', 16200, 'สมัครเว็บเขียนบล็อก 26 เว็บไซต์', '2015-02-05 17:48:59', 'N'),
	(206, 9, 'muy', '2015-02-05 17:30:00', '2015-02-05 18:00:00', 1800, 'กวาดพื้น', '2015-02-05 17:49:36', 'N'),
	(207, 2, 'indpendents', '2015-02-06 08:00:00', '2015-02-06 09:00:00', 3600, 'จัดการตัวดูดและเพิ่มข้อมูลหุ้นรายวันลงฐานข้อมูล', '2015-02-06 08:41:05', 'N'),
	(208, 2, 'indpendents', '2015-02-06 09:00:00', '2015-02-06 12:00:00', 10800, 'จัดการเกี่ยวกับตัวดูดหุ้นเรียวไทม์ให้รันได้เองทุกๆวัน', '2015-02-06 08:42:04', 'N'),
	(209, 2, 'Muraz', '2015-02-04 10:00:00', '2015-02-04 18:00:00', 28800, 'ศึกษา code chart ของ tradingview', '2015-02-06 09:56:27', 'N'),
	(210, 2, 'Muraz', '2015-02-06 08:00:00', '2015-02-06 12:00:00', 14400, 'ศึกษา code chart ของ tradingview', '2015-02-06 09:57:02', 'N');
/*!40000 ALTER TABLE `workdetail` ENABLE KEYS */;
/*!40014 SET FOREIGN_KEY_CHECKS=1 */;
/*!40101 SET CHARACTER_SET_CLIENT=@OLD_CHARACTER_SET_CLIENT */;
